timestamp,date,n_sick,calls,actual_duty,year,month,week,day,NumDayOfWeek,qaurter,holidays_de,percantage,sby_need
2016-04-01,2016-04-01,73,8154.0,1631.0,2016,4,13,1,4,2,0,4.444444444444445,4.0
2016-04-02,2016-04-02,64,8526.0,1706.0,2016,4,13,2,5,2,0,77.77777777777779,70.0
2016-04-03,2016-04-03,68,8088.0,1632.0,2016,4,13,3,6,2,0,0.0,0.0
2016-04-04,2016-04-04,71,7044.0,1629.0,2016,4,14,4,0,2,0,0.0,0.0
2016-04-05,2016-04-05,63,7236.0,1637.0,2016,4,14,5,1,2,0,0.0,0.0
2016-04-06,2016-04-06,70,6492.0,1630.0,2016,4,14,6,2,2,0,0.0,0.0
2016-04-07,2016-04-07,64,6204.0,1636.0,2016,4,14,7,3,2,0,0.0,0.0
2016-04-08,2016-04-08,62,7614.0,1638.0,2016,4,14,8,4,2,0,0.0,0.0
2016-04-09,2016-04-09,51,5706.0,1649.0,2016,4,14,9,5,2,0,0.0,0.0
2016-04-10,2016-04-10,54,6606.0,1646.0,2016,4,14,10,6,2,0,0.0,0.0
2016-04-11,2016-04-11,50,6822.0,1650.0,2016,4,15,11,0,2,0,0.0,0.0
2016-04-12,2016-04-12,49,6060.0,1651.0,2016,4,15,12,1,2,0,0.0,0.0
2016-04-13,2016-04-13,53,5964.0,1647.0,2016,4,15,13,2,2,0,0.0,0.0
2016-04-14,2016-04-14,52,5928.0,1648.0,2016,4,15,14,3,2,0,0.0,0.0
2016-04-15,2016-04-15,63,7608.0,1637.0,2016,4,15,15,4,2,0,0.0,0.0
2016-04-16,2016-04-16,55,6768.0,1645.0,2016,4,15,16,5,2,0,0.0,0.0
2016-04-17,2016-04-17,51,7242.0,1649.0,2016,4,15,17,6,2,0,0.0,0.0
2016-04-18,2016-04-18,59,6768.0,1641.0,2016,4,16,18,0,2,0,0.0,0.0
2016-04-19,2016-04-19,57,8676.0,1736.0,2016,4,16,19,1,2,0,103.33333333333334,93.0
2016-04-20,2016-04-20,53,6270.0,1647.0,2016,4,16,20,2,2,0,0.0,0.0
2016-04-21,2016-04-21,63,7818.0,1637.0,2016,4,16,21,3,2,0,0.0,0.0
2016-04-22,2016-04-22,68,5712.0,1632.0,2016,4,16,22,4,2,0,0.0,0.0
2016-04-23,2016-04-23,62,5166.0,1638.0,2016,4,16,23,5,2,0,0.0,0.0
2016-04-24,2016-04-24,71,4884.0,1629.0,2016,4,16,24,6,2,0,0.0,0.0
2016-04-25,2016-04-25,72,5880.0,1628.0,2016,4,17,25,0,2,0,0.0,0.0
2016-04-26,2016-04-26,65,6576.0,1635.0,2016,4,17,26,1,2,0,0.0,0.0
2016-04-27,2016-04-27,62,7620.0,1638.0,2016,4,17,27,2,2,0,0.0,0.0
2016-04-28,2016-04-28,66,6870.0,1634.0,2016,4,17,28,3,2,0,0.0,0.0
2016-04-29,2016-04-29,64,7554.0,1636.0,2016,4,17,29,4,2,0,0.0,0.0
2016-04-30,2016-04-30,65,5424.0,1635.0,2016,4,17,30,5,2,0,0.0,0.0
2016-05-01,2016-05-01,54,8400.0,1680.0,2016,5,17,1,6,2,1,37.77777777777778,34.0
2016-05-02,2016-05-02,63,7782.0,1637.0,2016,5,18,2,0,2,0,0.0,0.0
2016-05-03,2016-05-03,61,7716.0,1639.0,2016,5,18,3,1,2,0,0.0,0.0
2016-05-04,2016-05-04,58,8340.0,1668.0,2016,5,18,4,2,2,0,28.888888888888886,26.0
2016-05-05,2016-05-05,57,8064.0,1643.0,2016,5,18,5,3,2,1,0.0,0.0
2016-05-06,2016-05-06,59,7404.0,1641.0,2016,5,18,6,4,2,0,0.0,0.0
2016-05-07,2016-05-07,57,8868.0,1774.0,2016,5,18,7,5,2,0,145.55555555555554,131.0
2016-05-08,2016-05-08,61,6504.0,1639.0,2016,5,18,8,6,2,0,0.0,0.0
2016-05-09,2016-05-09,65,7788.0,1635.0,2016,5,19,9,0,2,0,0.0,0.0
2016-05-10,2016-05-10,68,6978.0,1632.0,2016,5,19,10,1,2,0,0.0,0.0
2016-05-11,2016-05-11,61,7512.0,1639.0,2016,5,19,11,2,2,0,0.0,0.0
2016-05-12,2016-05-12,55,7434.0,1645.0,2016,5,19,12,3,2,0,0.0,0.0
2016-05-13,2016-05-13,56,8370.0,1674.0,2016,5,19,13,4,2,0,33.33333333333333,30.0
2016-05-14,2016-05-14,50,8136.0,1650.0,2016,5,19,14,5,2,0,0.0,0.0
2016-05-15,2016-05-15,57,7674.0,1643.0,2016,5,19,15,6,2,0,0.0,0.0
2016-05-16,2016-05-16,52,9048.0,1810.0,2016,5,20,16,0,2,1,180.0,162.0
2016-05-17,2016-05-17,53,8550.0,1710.0,2016,5,20,17,1,2,0,70.0,63.0
2016-05-18,2016-05-18,52,8184.0,1648.0,2016,5,20,18,2,2,0,0.0,0.0
2016-05-19,2016-05-19,51,8352.0,1671.0,2016,5,20,19,3,2,0,24.444444444444443,22.0
2016-05-20,2016-05-20,57,5790.0,1643.0,2016,5,20,20,4,2,0,0.0,0.0
2016-05-21,2016-05-21,56,8382.0,1677.0,2016,5,20,21,5,2,0,36.666666666666664,33.0
2016-05-22,2016-05-22,58,6516.0,1642.0,2016,5,20,22,6,2,0,0.0,0.0
2016-05-23,2016-05-23,57,7824.0,1643.0,2016,5,21,23,0,2,0,0.0,0.0
2016-05-24,2016-05-24,55,6312.0,1645.0,2016,5,21,24,1,2,0,0.0,0.0
2016-05-25,2016-05-25,49,8196.0,1651.0,2016,5,21,25,2,2,0,0.0,0.0
2016-05-26,2016-05-26,46,8124.0,1654.0,2016,5,21,26,3,2,0,0.0,0.0
2016-05-27,2016-05-27,50,6084.0,1650.0,2016,5,21,27,4,2,0,0.0,0.0
2016-05-28,2016-05-28,50,6174.0,1650.0,2016,5,21,28,5,2,0,0.0,0.0
2016-05-29,2016-05-29,52,6984.0,1648.0,2016,5,21,29,6,2,0,0.0,0.0
2016-05-30,2016-05-30,59,8670.0,1734.0,2016,5,22,30,0,2,0,103.33333333333334,93.0
2016-05-31,2016-05-31,59,8004.0,1641.0,2016,5,22,31,1,2,0,0.0,0.0
2016-06-01,2016-06-01,64,7656.0,1636.0,2016,6,22,1,2,2,0,0.0,0.0
2016-06-02,2016-06-02,63,8298.0,1660.0,2016,6,22,2,3,2,0,25.555555555555554,23.0
2016-06-03,2016-06-03,69,8922.0,1785.0,2016,6,22,3,4,2,0,171.11111111111111,154.0
2016-06-04,2016-06-04,67,9426.0,1886.0,2016,6,22,4,5,2,0,281.1111111111111,253.0
2016-06-05,2016-06-05,61,8514.0,1703.0,2016,6,22,5,6,2,0,71.11111111111111,64.0
2016-06-06,2016-06-06,62,9426.0,1886.0,2016,6,23,6,0,2,0,275.55555555555554,248.0
2016-06-07,2016-06-07,53,9414.0,1883.0,2016,6,23,7,1,2,0,262.22222222222223,236.0
2016-06-08,2016-06-08,50,7260.0,1650.0,2016,6,23,8,2,2,0,0.0,0.0
2016-06-09,2016-06-09,48,6762.0,1652.0,2016,6,23,9,3,2,0,0.0,0.0
2016-06-10,2016-06-10,53,7230.0,1647.0,2016,6,23,10,4,2,0,0.0,0.0
2016-06-11,2016-06-11,51,7710.0,1649.0,2016,6,23,11,5,2,0,0.0,0.0
2016-06-12,2016-06-12,59,6462.0,1641.0,2016,6,23,12,6,2,0,0.0,0.0
2016-06-13,2016-06-13,66,8790.0,1758.0,2016,6,24,13,0,2,0,137.77777777777777,124.0
2016-06-14,2016-06-14,58,8160.0,1642.0,2016,6,24,14,1,2,0,0.0,0.0
2016-06-15,2016-06-15,53,8538.0,1708.0,2016,6,24,15,2,2,0,67.77777777777779,61.0
2016-06-16,2016-06-16,55,8094.0,1645.0,2016,6,24,16,3,2,0,0.0,0.0
2016-06-17,2016-06-17,54,6918.0,1646.0,2016,6,24,17,4,2,0,0.0,0.0
2016-06-18,2016-06-18,54,6894.0,1646.0,2016,6,24,18,5,2,0,0.0,0.0
2016-06-19,2016-06-19,56,6840.0,1644.0,2016,6,24,19,6,2,0,0.0,0.0
2016-06-20,2016-06-20,57,8562.0,1713.0,2016,6,25,20,0,2,0,77.77777777777779,70.0
2016-06-21,2016-06-21,60,8754.0,1751.0,2016,6,25,21,1,2,0,123.33333333333334,111.0
2016-06-22,2016-06-22,61,8058.0,1639.0,2016,6,25,22,2,2,0,0.0,0.0
2016-06-23,2016-06-23,60,8316.0,1664.0,2016,6,25,23,3,2,0,26.666666666666668,24.0
2016-06-24,2016-06-24,53,5916.0,1647.0,2016,6,25,24,4,2,0,0.0,0.0
2016-06-25,2016-06-25,45,7272.0,1655.0,2016,6,25,25,5,2,0,0.0,0.0
2016-06-26,2016-06-26,48,7794.0,1652.0,2016,6,25,26,6,2,0,0.0,0.0
2016-06-27,2016-06-27,50,8964.0,1793.0,2016,6,26,27,0,2,0,158.88888888888889,143.0
2016-06-28,2016-06-28,44,7788.0,1656.0,2016,6,26,28,1,2,0,0.0,0.0
2016-06-29,2016-06-29,44,6600.0,1656.0,2016,6,26,29,2,2,0,0.0,0.0
2016-06-30,2016-06-30,48,6708.0,1652.0,2016,6,26,30,3,2,0,0.0,0.0
2016-07-01,2016-07-01,41,8742.0,1749.0,2016,7,26,1,4,3,0,100.0,90.0
2016-07-02,2016-07-02,40,7116.0,1660.0,2016,7,26,2,5,3,0,0.0,0.0
2016-07-03,2016-07-03,46,8376.0,1676.0,2016,7,26,3,6,3,0,24.444444444444443,22.0
2016-07-04,2016-07-04,50,8526.0,1706.0,2016,7,27,4,0,3,0,62.22222222222222,56.0
2016-07-05,2016-07-05,47,8550.0,1710.0,2016,7,27,5,1,3,0,63.33333333333333,57.0
2016-07-06,2016-07-06,51,9702.0,1941.0,2016,7,27,6,2,3,0,324.44444444444446,292.0
2016-07-07,2016-07-07,60,8442.0,1689.0,2016,7,27,7,3,3,0,54.44444444444444,49.0
2016-07-08,2016-07-08,64,9024.0,1805.0,2016,7,27,8,4,3,0,187.77777777777777,169.0
2016-07-09,2016-07-09,69,8532.0,1707.0,2016,7,27,9,5,3,0,84.44444444444444,76.0
2016-07-10,2016-07-10,70,7374.0,1630.0,2016,7,27,10,6,3,0,0.0,0.0
2016-07-11,2016-07-11,70,9492.0,1899.0,2016,7,28,11,0,3,0,298.8888888888889,269.0
2016-07-12,2016-07-12,52,8130.0,1648.0,2016,7,28,12,1,3,0,0.0,0.0
2016-07-13,2016-07-13,48,9012.0,1803.0,2016,7,28,13,2,3,0,167.77777777777777,151.0
2016-07-14,2016-07-14,48,9228.0,1846.0,2016,7,28,14,3,3,0,215.55555555555554,194.0
2016-07-15,2016-07-15,54,7626.0,1646.0,2016,7,28,15,4,3,0,0.0,0.0
2016-07-16,2016-07-16,58,6234.0,1642.0,2016,7,28,16,5,3,0,0.0,0.0
2016-07-17,2016-07-17,63,5592.0,1637.0,2016,7,28,17,6,3,0,0.0,0.0
2016-07-18,2016-07-18,67,7452.0,1633.0,2016,7,29,18,0,3,0,0.0,0.0
2016-07-19,2016-07-19,62,6744.0,1638.0,2016,7,29,19,1,3,0,0.0,0.0
2016-07-20,2016-07-20,69,6870.0,1631.0,2016,7,29,20,2,3,0,0.0,0.0
2016-07-21,2016-07-21,73,6924.0,1627.0,2016,7,29,21,3,3,0,0.0,0.0
2016-07-22,2016-07-22,67,8844.0,1769.0,2016,7,29,22,4,3,0,151.11111111111111,136.0
2016-07-23,2016-07-23,63,6450.0,1637.0,2016,7,29,23,5,3,0,0.0,0.0
2016-07-24,2016-07-24,60,5892.0,1640.0,2016,7,29,24,6,3,0,0.0,0.0
2016-07-25,2016-07-25,62,7368.0,1638.0,2016,7,30,25,0,3,0,0.0,0.0
2016-07-26,2016-07-26,53,7488.0,1647.0,2016,7,30,26,1,3,0,0.0,0.0
2016-07-27,2016-07-27,49,6684.0,1651.0,2016,7,30,27,2,3,0,0.0,0.0
2016-07-28,2016-07-28,51,7062.0,1649.0,2016,7,30,28,3,3,0,0.0,0.0
2016-07-29,2016-07-29,50,6978.0,1650.0,2016,7,30,29,4,3,0,0.0,0.0
2016-07-30,2016-07-30,49,6480.0,1651.0,2016,7,30,30,5,3,0,0.0,0.0
2016-07-31,2016-07-31,51,6210.0,1649.0,2016,7,30,31,6,3,0,0.0,0.0
2016-08-01,2016-08-01,53,10536.0,2108.0,2016,8,31,1,0,3,0,512.2222222222222,461.0
2016-08-02,2016-08-02,51,10392.0,2079.0,2016,8,31,2,1,3,0,477.77777777777777,430.0
2016-08-03,2016-08-03,49,9516.0,1904.0,2016,8,31,3,2,3,0,281.1111111111111,253.0
2016-08-04,2016-08-04,52,9840.0,1968.0,2016,8,31,4,3,3,0,355.55555555555554,320.0
2016-08-05,2016-08-05,49,9258.0,1852.0,2016,8,31,5,4,3,0,223.33333333333334,201.0
2016-08-06,2016-08-06,44,9006.0,1802.0,2016,8,31,6,5,3,0,162.22222222222223,146.0
2016-08-07,2016-08-07,46,5904.0,1654.0,2016,8,31,7,6,3,0,0.0,0.0
2016-08-08,2016-08-08,40,7428.0,1660.0,2016,8,32,8,0,3,0,0.0,0.0
2016-08-09,2016-08-09,37,6840.0,1663.0,2016,8,32,9,1,3,0,0.0,0.0
2016-08-10,2016-08-10,38,7506.0,1662.0,2016,8,32,10,2,3,0,0.0,0.0
2016-08-11,2016-08-11,45,8526.0,1706.0,2016,8,32,11,3,3,0,56.666666666666664,51.0
2016-08-12,2016-08-12,43,8256.0,1657.0,2016,8,32,12,4,3,0,0.0,0.0
2016-08-13,2016-08-13,38,6762.0,1662.0,2016,8,32,13,5,3,0,0.0,0.0
2016-08-14,2016-08-14,38,5778.0,1662.0,2016,8,32,14,6,3,0,0.0,0.0
2016-08-15,2016-08-15,42,7404.0,1658.0,2016,8,33,15,0,3,0,0.0,0.0
2016-08-16,2016-08-16,44,7134.0,1656.0,2016,8,33,16,1,3,0,0.0,0.0
2016-08-17,2016-08-17,47,6540.0,1653.0,2016,8,33,17,2,3,0,0.0,0.0
2016-08-18,2016-08-18,46,8670.0,1734.0,2016,8,33,18,3,3,0,88.88888888888889,80.0
2016-08-19,2016-08-19,45,8028.0,1655.0,2016,8,33,19,4,3,0,0.0,0.0
2016-08-20,2016-08-20,36,6318.0,1664.0,2016,8,33,20,5,3,0,0.0,0.0
2016-08-21,2016-08-21,44,8214.0,1656.0,2016,8,33,21,6,3,0,0.0,0.0
2016-08-22,2016-08-22,49,6654.0,1651.0,2016,8,34,22,0,3,0,0.0,0.0
2016-08-23,2016-08-23,48,8082.0,1652.0,2016,8,34,23,1,3,0,0.0,0.0
2016-08-24,2016-08-24,49,8430.0,1686.0,2016,8,34,24,2,3,0,38.88888888888889,35.0
2016-08-25,2016-08-25,52,7140.0,1648.0,2016,8,34,25,3,3,0,0.0,0.0
2016-08-26,2016-08-26,55,8082.0,1645.0,2016,8,34,26,4,3,0,0.0,0.0
2016-08-27,2016-08-27,48,7626.0,1652.0,2016,8,34,27,5,3,0,0.0,0.0
2016-08-28,2016-08-28,49,6990.0,1651.0,2016,8,34,28,6,3,0,0.0,0.0
2016-08-29,2016-08-29,60,6840.0,1640.0,2016,8,35,29,0,3,0,0.0,0.0
2016-08-30,2016-08-30,59,8592.0,1719.0,2016,8,35,30,1,3,0,86.66666666666667,78.0
2016-08-31,2016-08-31,54,8886.0,1778.0,2016,8,35,31,2,3,0,146.66666666666666,132.0
2016-09-01,2016-09-01,52,9318.0,1864.0,2016,9,35,1,3,3,0,240.0,216.0
2016-09-02,2016-09-02,61,9366.0,1874.0,2016,9,35,2,4,3,0,261.11111111111114,235.0
2016-09-03,2016-09-03,55,7380.0,1645.0,2016,9,35,3,5,3,0,0.0,0.0
2016-09-04,2016-09-04,69,7536.0,1631.0,2016,9,35,4,6,3,0,0.0,0.0
2016-09-05,2016-09-05,73,7548.0,1627.0,2016,9,36,5,0,3,0,0.0,0.0
2016-09-06,2016-09-06,67,7560.0,1633.0,2016,9,36,6,1,3,0,0.0,0.0
2016-09-07,2016-09-07,64,8568.0,1714.0,2016,9,36,7,2,3,0,86.66666666666667,78.0
2016-09-08,2016-09-08,67,8748.0,1750.0,2016,9,36,8,3,3,0,130.0,117.0
2016-09-09,2016-09-09,62,6582.0,1638.0,2016,9,36,9,4,3,0,0.0,0.0
2016-09-10,2016-09-10,59,7374.0,1641.0,2016,9,36,10,5,3,0,0.0,0.0
2016-09-11,2016-09-11,68,8202.0,1641.0,2016,9,36,11,6,3,0,10.0,9.0
2016-09-12,2016-09-12,72,6564.0,1628.0,2016,9,37,12,0,3,0,0.0,0.0
2016-09-13,2016-09-13,65,7230.0,1635.0,2016,9,37,13,1,3,0,0.0,0.0
2016-09-14,2016-09-14,68,8514.0,1703.0,2016,9,37,14,2,3,0,78.88888888888889,71.0
2016-09-15,2016-09-15,75,8280.0,1656.0,2016,9,37,15,3,3,0,34.44444444444444,31.0
2016-09-16,2016-09-16,71,7824.0,1629.0,2016,9,37,16,4,3,0,0.0,0.0
2016-09-17,2016-09-17,74,6660.0,1626.0,2016,9,37,17,5,3,0,0.0,0.0
2016-09-18,2016-09-18,81,6126.0,1619.0,2016,9,37,18,6,3,0,0.0,0.0
2016-09-19,2016-09-19,75,7926.0,1625.0,2016,9,38,19,0,3,0,0.0,0.0
2016-09-20,2016-09-20,72,7362.0,1628.0,2016,9,38,20,1,3,0,0.0,0.0
2016-09-21,2016-09-21,80,8532.0,1707.0,2016,9,38,21,2,3,0,96.66666666666667,87.0
2016-09-22,2016-09-22,77,8286.0,1658.0,2016,9,38,22,3,3,0,38.88888888888889,35.0
2016-09-23,2016-09-23,76,5808.0,1624.0,2016,9,38,23,4,3,0,0.0,0.0
2016-09-24,2016-09-24,71,7842.0,1629.0,2016,9,38,24,5,3,0,0.0,0.0
2016-09-25,2016-09-25,79,5328.0,1621.0,2016,9,38,25,6,3,0,0.0,0.0
2016-09-26,2016-09-26,80,8550.0,1710.0,2016,9,39,26,0,3,0,100.0,90.0
2016-09-27,2016-09-27,90,7638.0,1610.0,2016,9,39,27,1,3,0,0.0,0.0
2016-09-28,2016-09-28,89,6924.0,1611.0,2016,9,39,28,2,3,0,0.0,0.0
2016-09-29,2016-09-29,89,8172.0,1635.0,2016,9,39,29,3,3,0,26.666666666666668,24.0
2016-09-30,2016-09-30,91,8520.0,1704.0,2016,9,39,30,4,3,0,105.55555555555556,95.0
2016-10-01,2016-10-01,72,6492.0,1628.0,2016,10,39,1,5,4,0,0.0,0.0
2016-10-02,2016-10-02,77,7872.0,1623.0,2016,10,39,2,6,4,0,0.0,0.0
2016-10-03,2016-10-03,83,8004.0,1617.0,2016,10,40,3,0,4,1,0.0,0.0
2016-10-04,2016-10-04,85,7398.0,1615.0,2016,10,40,4,1,4,0,0.0,0.0
2016-10-05,2016-10-05,83,8136.0,1628.0,2016,10,40,5,2,4,0,12.222222222222221,11.0
2016-10-06,2016-10-06,77,7020.0,1623.0,2016,10,40,6,3,4,0,0.0,0.0
2016-10-07,2016-10-07,84,6072.0,1616.0,2016,10,40,7,4,4,0,0.0,0.0
2016-10-08,2016-10-08,77,7176.0,1623.0,2016,10,40,8,5,4,0,0.0,0.0
2016-10-09,2016-10-09,81,7842.0,1619.0,2016,10,40,9,6,4,0,0.0,0.0
2016-10-10,2016-10-10,91,7818.0,1609.0,2016,10,41,10,0,4,0,0.0,0.0
2016-10-11,2016-10-11,80,7908.0,1620.0,2016,10,41,11,1,4,0,0.0,0.0
2016-10-12,2016-10-12,81,6396.0,1619.0,2016,10,41,12,2,4,0,0.0,0.0
2016-10-13,2016-10-13,84,6930.0,1616.0,2016,10,41,13,3,4,0,0.0,0.0
2016-10-14,2016-10-14,90,7728.0,1610.0,2016,10,41,14,4,4,0,0.0,0.0
2016-10-15,2016-10-15,86,6954.0,1614.0,2016,10,41,15,5,4,0,0.0,0.0
2016-10-16,2016-10-16,86,7614.0,1614.0,2016,10,41,16,6,4,0,0.0,0.0
2016-10-17,2016-10-17,90,6666.0,1610.0,2016,10,42,17,0,4,0,0.0,0.0
2016-10-18,2016-10-18,78,7200.0,1622.0,2016,10,42,18,1,4,0,0.0,0.0
2016-10-19,2016-10-19,75,8094.0,1625.0,2016,10,42,19,2,4,0,0.0,0.0
2016-10-20,2016-10-20,73,7440.0,1627.0,2016,10,42,20,3,4,0,0.0,0.0
2016-10-21,2016-10-21,77,6234.0,1623.0,2016,10,42,21,4,4,0,0.0,0.0
2016-10-22,2016-10-22,75,6660.0,1625.0,2016,10,42,22,5,4,0,0.0,0.0
2016-10-23,2016-10-23,70,5004.0,1630.0,2016,10,42,23,6,4,0,0.0,0.0
2016-10-24,2016-10-24,73,8544.0,1709.0,2016,10,43,24,0,4,0,91.11111111111111,82.0
2016-10-25,2016-10-25,59,6204.0,1641.0,2016,10,43,25,1,4,0,0.0,0.0
2016-10-26,2016-10-26,57,6108.0,1643.0,2016,10,43,26,2,4,0,0.0,0.0
2016-10-27,2016-10-27,60,6366.0,1640.0,2016,10,43,27,3,4,0,0.0,0.0
2016-10-28,2016-10-28,61,5430.0,1639.0,2016,10,43,28,4,4,0,0.0,0.0
2016-10-29,2016-10-29,50,7980.0,1650.0,2016,10,43,29,5,4,0,0.0,0.0
2016-10-30,2016-10-30,59,5730.0,1641.0,2016,10,43,30,6,4,0,0.0,0.0
2016-10-31,2016-10-31,71,5874.0,1629.0,2016,10,44,31,0,4,0,0.0,0.0
2016-11-01,2016-11-01,65,9600.0,1920.0,2016,11,44,1,1,4,0,316.66666666666663,285.0
2016-11-02,2016-11-02,66,6576.0,1634.0,2016,11,44,2,2,4,0,0.0,0.0
2016-11-03,2016-11-03,62,8352.0,1671.0,2016,11,44,3,3,4,0,36.666666666666664,33.0
2016-11-04,2016-11-04,62,6984.0,1638.0,2016,11,44,4,4,4,0,0.0,0.0
2016-11-05,2016-11-05,47,5562.0,1653.0,2016,11,44,5,5,4,0,0.0,0.0
2016-11-06,2016-11-06,48,6366.0,1652.0,2016,11,44,6,6,4,0,0.0,0.0
2016-11-07,2016-11-07,57,7098.0,1643.0,2016,11,45,7,0,4,0,0.0,0.0
2016-11-08,2016-11-08,57,6552.0,1643.0,2016,11,45,8,1,4,0,0.0,0.0
2016-11-09,2016-11-09,55,6966.0,1645.0,2016,11,45,9,2,4,0,0.0,0.0
2016-11-10,2016-11-10,55,5730.0,1645.0,2016,11,45,10,3,4,0,0.0,0.0
2016-11-11,2016-11-11,57,7110.0,1643.0,2016,11,45,11,4,4,0,0.0,0.0
2016-11-12,2016-11-12,44,7140.0,1656.0,2016,11,45,12,5,4,0,0.0,0.0
2016-11-13,2016-11-13,48,6072.0,1652.0,2016,11,45,13,6,4,0,0.0,0.0
2016-11-14,2016-11-14,58,7710.0,1642.0,2016,11,46,14,0,4,0,0.0,0.0
2016-11-15,2016-11-15,64,8190.0,1638.0,2016,11,46,15,1,4,0,2.2222222222222223,2.0
2016-11-16,2016-11-16,61,5598.0,1639.0,2016,11,46,16,2,4,0,0.0,0.0
2016-11-17,2016-11-17,62,6684.0,1638.0,2016,11,46,17,3,4,0,0.0,0.0
2016-11-18,2016-11-18,64,6276.0,1636.0,2016,11,46,18,4,4,0,0.0,0.0
2016-11-19,2016-11-19,59,5820.0,1641.0,2016,11,46,19,5,4,0,0.0,0.0
2016-11-20,2016-11-20,72,5160.0,1628.0,2016,11,46,20,6,4,0,0.0,0.0
2016-11-21,2016-11-21,70,7998.0,1630.0,2016,11,47,21,0,4,0,0.0,0.0
2016-11-22,2016-11-22,67,6852.0,1633.0,2016,11,47,22,1,4,0,0.0,0.0
2016-11-23,2016-11-23,73,8256.0,1652.0,2016,11,47,23,2,4,0,27.77777777777778,25.0
2016-11-24,2016-11-24,78,7494.0,1622.0,2016,11,47,24,3,4,0,0.0,0.0
2016-11-25,2016-11-25,76,7722.0,1624.0,2016,11,47,25,4,4,0,0.0,0.0
2016-11-26,2016-11-26,67,6438.0,1633.0,2016,11,47,26,5,4,0,0.0,0.0
2016-11-27,2016-11-27,65,5526.0,1635.0,2016,11,47,27,6,4,0,0.0,0.0
2016-11-28,2016-11-28,62,6558.0,1638.0,2016,11,48,28,0,4,0,0.0,0.0
2016-11-29,2016-11-29,55,6624.0,1645.0,2016,11,48,29,1,4,0,0.0,0.0
2016-11-30,2016-11-30,49,6384.0,1651.0,2016,11,48,30,2,4,0,0.0,0.0
2016-12-01,2016-12-01,43,6450.0,1657.0,2016,12,48,1,3,4,0,0.0,0.0
2016-12-02,2016-12-02,46,8436.0,1688.0,2016,12,48,2,4,4,0,37.77777777777778,34.0
2016-12-03,2016-12-03,45,5748.0,1655.0,2016,12,48,3,5,4,0,0.0,0.0
2016-12-04,2016-12-04,51,5532.0,1649.0,2016,12,48,4,6,4,0,0.0,0.0
2016-12-05,2016-12-05,50,7674.0,1650.0,2016,12,49,5,0,4,0,0.0,0.0
2016-12-06,2016-12-06,47,7422.0,1653.0,2016,12,49,6,1,4,0,0.0,0.0
2016-12-07,2016-12-07,55,7086.0,1645.0,2016,12,49,7,2,4,0,0.0,0.0
2016-12-08,2016-12-08,60,6174.0,1640.0,2016,12,49,8,3,4,0,0.0,0.0
2016-12-09,2016-12-09,57,6120.0,1643.0,2016,12,49,9,4,4,0,0.0,0.0
2016-12-10,2016-12-10,56,6942.0,1644.0,2016,12,49,10,5,4,0,0.0,0.0
2016-12-11,2016-12-11,60,7098.0,1640.0,2016,12,49,11,6,4,0,0.0,0.0
2016-12-12,2016-12-12,70,7506.0,1630.0,2016,12,50,12,0,4,0,0.0,0.0
2016-12-13,2016-12-13,68,7116.0,1632.0,2016,12,50,13,1,4,0,0.0,0.0
2016-12-14,2016-12-14,71,5934.0,1629.0,2016,12,50,14,2,4,0,0.0,0.0
2016-12-15,2016-12-15,70,5118.0,1630.0,2016,12,50,15,3,4,0,0.0,0.0
2016-12-16,2016-12-16,62,5802.0,1638.0,2016,12,50,16,4,4,0,0.0,0.0
2016-12-17,2016-12-17,57,6642.0,1643.0,2016,12,50,17,5,4,0,0.0,0.0
2016-12-18,2016-12-18,62,4692.0,1638.0,2016,12,50,18,6,4,0,0.0,0.0
2016-12-19,2016-12-19,61,6798.0,1639.0,2016,12,51,19,0,4,0,0.0,0.0
2016-12-20,2016-12-20,51,6480.0,1649.0,2016,12,51,20,1,4,0,0.0,0.0
2016-12-21,2016-12-21,49,5244.0,1651.0,2016,12,51,21,2,4,0,0.0,0.0
2016-12-22,2016-12-22,49,6000.0,1651.0,2016,12,51,22,3,4,0,0.0,0.0
2016-12-23,2016-12-23,48,5496.0,1652.0,2016,12,51,23,4,4,0,0.0,0.0
2016-12-24,2016-12-24,44,5172.0,1656.0,2016,12,51,24,5,4,0,0.0,0.0
2016-12-25,2016-12-25,50,6030.0,1650.0,2016,12,51,25,6,4,1,0.0,0.0
2016-12-26,2016-12-26,61,6714.0,1639.0,2016,12,52,26,0,4,1,0.0,0.0
2016-12-27,2016-12-27,80,6828.0,1620.0,2016,12,52,27,1,4,0,0.0,0.0
2016-12-28,2016-12-28,91,6096.0,1609.0,2016,12,52,28,2,4,0,0.0,0.0
2016-12-29,2016-12-29,96,7326.0,1604.0,2016,12,52,29,3,4,0,0.0,0.0
2016-12-30,2016-12-30,92,5478.0,1608.0,2016,12,52,30,4,4,0,0.0,0.0
2016-12-31,2016-12-31,66,5754.0,1634.0,2016,12,52,31,5,4,0,0.0,0.0
2017-01-01,2017-01-01,60,6336.0,1740.0,2017,1,52,1,6,1,1,0.0,0.0
2017-01-02,2017-01-02,70,8550.0,1730.0,2017,1,1,2,0,1,0,0.0,0.0
2017-01-03,2017-01-03,74,8238.0,1726.0,2017,1,1,3,1,1,0,0.0,0.0
2017-01-04,2017-01-04,76,7902.0,1724.0,2017,1,1,4,2,1,0,0.0,0.0
2017-01-05,2017-01-05,76,8268.0,1724.0,2017,1,1,5,3,1,0,0.0,0.0
2017-01-06,2017-01-06,71,6054.0,1729.0,2017,1,1,6,4,1,0,0.0,0.0
2017-01-07,2017-01-07,81,7152.0,1719.0,2017,1,1,7,5,1,0,0.0,0.0
2017-01-08,2017-01-08,88,6318.0,1712.0,2017,1,1,8,6,1,0,0.0,0.0
2017-01-09,2017-01-09,89,5418.0,1711.0,2017,1,2,9,0,1,0,0.0,0.0
2017-01-10,2017-01-10,80,5376.0,1720.0,2017,1,2,10,1,1,0,0.0,0.0
2017-01-11,2017-01-11,73,5976.0,1727.0,2017,1,2,11,2,1,0,0.0,0.0
2017-01-12,2017-01-12,55,6414.0,1745.0,2017,1,2,12,3,1,0,0.0,0.0
2017-01-13,2017-01-13,47,5496.0,1753.0,2017,1,2,13,4,1,0,0.0,0.0
2017-01-14,2017-01-14,49,4668.0,1751.0,2017,1,2,14,5,1,0,0.0,0.0
2017-01-15,2017-01-15,53,4074.0,1747.0,2017,1,2,15,6,1,0,0.0,0.0
2017-01-16,2017-01-16,58,6300.0,1742.0,2017,1,3,16,0,1,0,0.0,0.0
2017-01-17,2017-01-17,52,6948.0,1748.0,2017,1,3,17,1,1,0,0.0,0.0
2017-01-18,2017-01-18,50,4920.0,1750.0,2017,1,3,18,2,1,0,0.0,0.0
2017-01-19,2017-01-19,55,4938.0,1745.0,2017,1,3,19,3,1,0,0.0,0.0
2017-01-20,2017-01-20,62,6870.0,1738.0,2017,1,3,20,4,1,0,0.0,0.0
2017-01-21,2017-01-21,58,5592.0,1742.0,2017,1,3,21,5,1,0,0.0,0.0
2017-01-22,2017-01-22,60,6618.0,1740.0,2017,1,3,22,6,1,0,0.0,0.0
2017-01-23,2017-01-23,65,7248.0,1735.0,2017,1,4,23,0,1,0,0.0,0.0
2017-01-24,2017-01-24,63,5400.0,1737.0,2017,1,4,24,1,1,0,0.0,0.0
2017-01-25,2017-01-25,57,4860.0,1743.0,2017,1,4,25,2,1,0,0.0,0.0
2017-01-26,2017-01-26,66,5196.0,1734.0,2017,1,4,26,3,1,0,0.0,0.0
2017-01-27,2017-01-27,73,6330.0,1727.0,2017,1,4,27,4,1,0,0.0,0.0
2017-01-28,2017-01-28,62,5442.0,1738.0,2017,1,4,28,5,1,0,0.0,0.0
2017-01-29,2017-01-29,64,5742.0,1736.0,2017,1,4,29,6,1,0,0.0,0.0
2017-01-30,2017-01-30,67,7212.0,1733.0,2017,1,5,30,0,1,0,0.0,0.0
2017-01-31,2017-01-31,56,5904.0,1744.0,2017,1,5,31,1,1,0,0.0,0.0
2017-02-01,2017-02-01,48,6786.0,1752.0,2017,2,5,1,2,1,0,0.0,0.0
2017-02-02,2017-02-02,50,8844.0,1769.0,2017,2,5,2,3,1,0,21.11111111111111,19.0
2017-02-03,2017-02-03,54,7494.0,1746.0,2017,2,5,3,4,1,0,0.0,0.0
2017-02-04,2017-02-04,44,6666.0,1756.0,2017,2,5,4,5,1,0,0.0,0.0
2017-02-05,2017-02-05,48,5898.0,1752.0,2017,2,5,5,6,1,0,0.0,0.0
2017-02-06,2017-02-06,58,8844.0,1769.0,2017,2,6,6,0,1,0,30.0,27.0
2017-02-07,2017-02-07,60,6798.0,1740.0,2017,2,6,7,1,1,0,0.0,0.0
2017-02-08,2017-02-08,65,8664.0,1735.0,2017,2,6,8,2,1,0,0.0,0.0
2017-02-09,2017-02-09,60,6204.0,1740.0,2017,2,6,9,3,1,0,0.0,0.0
2017-02-10,2017-02-10,66,7032.0,1734.0,2017,2,6,10,4,1,0,0.0,0.0
2017-02-11,2017-02-11,62,7638.0,1738.0,2017,2,6,11,5,1,0,0.0,0.0
2017-02-12,2017-02-12,58,7398.0,1742.0,2017,2,6,12,6,1,0,0.0,0.0
2017-02-13,2017-02-13,62,5724.0,1738.0,2017,2,7,13,0,1,0,0.0,0.0
2017-02-14,2017-02-14,56,6816.0,1744.0,2017,2,7,14,1,1,0,0.0,0.0
2017-02-15,2017-02-15,60,5868.0,1740.0,2017,2,7,15,2,1,0,0.0,0.0
2017-02-16,2017-02-16,67,7812.0,1733.0,2017,2,7,16,3,1,0,0.0,0.0
2017-02-17,2017-02-17,63,7272.0,1737.0,2017,2,7,17,4,1,0,0.0,0.0
2017-02-18,2017-02-18,52,7464.0,1748.0,2017,2,7,18,5,1,0,0.0,0.0
2017-02-19,2017-02-19,54,5268.0,1746.0,2017,2,7,19,6,1,0,0.0,0.0
2017-02-20,2017-02-20,57,5814.0,1743.0,2017,2,8,20,0,1,0,0.0,0.0
2017-02-21,2017-02-21,58,5820.0,1742.0,2017,2,8,21,1,1,0,0.0,0.0
2017-02-22,2017-02-22,60,7056.0,1740.0,2017,2,8,22,2,1,0,0.0,0.0
2017-02-23,2017-02-23,58,8088.0,1742.0,2017,2,8,23,3,1,0,0.0,0.0
2017-02-24,2017-02-24,64,6696.0,1736.0,2017,2,8,24,4,1,0,0.0,0.0
2017-02-25,2017-02-25,57,5388.0,1743.0,2017,2,8,25,5,1,0,0.0,0.0
2017-02-26,2017-02-26,57,5994.0,1743.0,2017,2,8,26,6,1,0,0.0,0.0
2017-02-27,2017-02-27,58,6822.0,1742.0,2017,2,9,27,0,1,0,0.0,0.0
2017-02-28,2017-02-28,55,7338.0,1745.0,2017,2,9,28,1,1,0,0.0,0.0
2017-03-01,2017-03-01,53,10074.0,2015.0,2017,3,9,1,2,1,0,297.77777777777777,268.0
2017-03-02,2017-03-02,54,9246.0,1850.0,2017,3,9,2,3,1,0,115.55555555555554,104.0
2017-03-03,2017-03-03,50,8616.0,1750.0,2017,3,9,3,4,1,0,0.0,0.0
2017-03-04,2017-03-04,47,6636.0,1753.0,2017,3,9,4,5,1,0,0.0,0.0
2017-03-05,2017-03-05,58,6288.0,1742.0,2017,3,9,5,6,1,0,0.0,0.0
2017-03-06,2017-03-06,61,8670.0,1739.0,2017,3,10,6,0,1,0,0.0,0.0
2017-03-07,2017-03-07,56,6948.0,1744.0,2017,3,10,7,1,1,0,0.0,0.0
2017-03-08,2017-03-08,52,8700.0,1748.0,2017,3,10,8,2,1,0,0.0,0.0
2017-03-09,2017-03-09,55,9030.0,1806.0,2017,3,10,9,3,1,0,67.77777777777779,61.0
2017-03-10,2017-03-10,61,8166.0,1739.0,2017,3,10,10,4,1,0,0.0,0.0
2017-03-11,2017-03-11,57,7548.0,1743.0,2017,3,10,11,5,1,0,0.0,0.0
2017-03-12,2017-03-12,61,6564.0,1739.0,2017,3,10,12,6,1,0,0.0,0.0
2017-03-13,2017-03-13,66,6174.0,1734.0,2017,3,11,13,0,1,0,0.0,0.0
2017-03-14,2017-03-14,57,7188.0,1743.0,2017,3,11,14,1,1,0,0.0,0.0
2017-03-15,2017-03-15,60,7686.0,1740.0,2017,3,11,15,2,1,0,0.0,0.0
2017-03-16,2017-03-16,61,6942.0,1739.0,2017,3,11,16,3,1,0,0.0,0.0
2017-03-17,2017-03-17,60,5724.0,1740.0,2017,3,11,17,4,1,0,0.0,0.0
2017-03-18,2017-03-18,54,7620.0,1746.0,2017,3,11,18,5,1,0,0.0,0.0
2017-03-19,2017-03-19,58,6066.0,1742.0,2017,3,11,19,6,1,0,0.0,0.0
2017-03-20,2017-03-20,59,6486.0,1741.0,2017,3,12,20,0,1,0,0.0,0.0
2017-03-21,2017-03-21,58,8352.0,1742.0,2017,3,12,21,1,1,0,0.0,0.0
2017-03-22,2017-03-22,57,8412.0,1743.0,2017,3,12,22,2,1,0,0.0,0.0
2017-03-23,2017-03-23,56,7170.0,1744.0,2017,3,12,23,3,1,0,0.0,0.0
2017-03-24,2017-03-24,53,6918.0,1747.0,2017,3,12,24,4,1,0,0.0,0.0
2017-03-25,2017-03-25,48,6636.0,1752.0,2017,3,12,25,5,1,0,0.0,0.0
2017-03-26,2017-03-26,48,6756.0,1752.0,2017,3,12,26,6,1,0,0.0,0.0
2017-03-27,2017-03-27,56,8856.0,1772.0,2017,3,13,27,0,1,0,31.11111111111111,28.0
2017-03-28,2017-03-28,56,8688.0,1744.0,2017,3,13,28,1,1,0,0.0,0.0
2017-03-29,2017-03-29,59,8112.0,1741.0,2017,3,13,29,2,1,0,0.0,0.0
2017-03-30,2017-03-30,58,7728.0,1742.0,2017,3,13,30,3,1,0,0.0,0.0
2017-03-31,2017-03-31,58,8394.0,1742.0,2017,3,13,31,4,1,0,0.0,0.0
2017-04-01,2017-04-01,45,9774.0,1955.0,2017,4,13,1,5,2,0,222.22222222222223,200.0
2017-04-02,2017-04-02,45,6630.0,1755.0,2017,4,13,2,6,2,0,0.0,0.0
2017-04-03,2017-04-03,49,10170.0,2034.0,2017,4,14,3,0,2,0,314.44444444444446,283.0
2017-04-04,2017-04-04,52,9324.0,1865.0,2017,4,14,4,1,2,0,130.0,117.0
2017-04-05,2017-04-05,48,7770.0,1752.0,2017,4,14,5,2,2,0,0.0,0.0
2017-04-06,2017-04-06,43,7284.0,1757.0,2017,4,14,6,3,2,0,0.0,0.0
2017-04-07,2017-04-07,38,8970.0,1794.0,2017,4,14,7,4,2,0,35.55555555555556,32.0
2017-04-08,2017-04-08,44,8844.0,1769.0,2017,4,14,8,5,2,0,14.444444444444443,13.0
2017-04-09,2017-04-09,41,6084.0,1759.0,2017,4,14,9,6,2,0,0.0,0.0
2017-04-10,2017-04-10,45,9300.0,1860.0,2017,4,15,10,0,2,0,116.66666666666667,105.0
2017-04-11,2017-04-11,46,7962.0,1754.0,2017,4,15,11,1,2,0,0.0,0.0
2017-04-12,2017-04-12,46,8466.0,1754.0,2017,4,15,12,2,2,0,0.0,0.0
2017-04-13,2017-04-13,55,6360.0,1745.0,2017,4,15,13,3,2,0,0.0,0.0
2017-04-14,2017-04-14,53,8220.0,1747.0,2017,4,15,14,4,2,1,0.0,0.0
2017-04-15,2017-04-15,53,6876.0,1747.0,2017,4,15,15,5,2,0,0.0,0.0
2017-04-16,2017-04-16,54,7086.0,1746.0,2017,4,15,16,6,2,0,0.0,0.0
2017-04-17,2017-04-17,59,9048.0,1810.0,2017,4,16,17,0,2,1,76.66666666666667,69.0
2017-04-18,2017-04-18,60,7932.0,1740.0,2017,4,16,18,1,2,0,0.0,0.0
2017-04-19,2017-04-19,67,8574.0,1733.0,2017,4,16,19,2,2,0,0.0,0.0
2017-04-20,2017-04-20,72,8016.0,1728.0,2017,4,16,20,3,2,0,0.0,0.0
2017-04-21,2017-04-21,69,8400.0,1731.0,2017,4,16,21,4,2,0,0.0,0.0
2017-04-22,2017-04-22,61,8478.0,1739.0,2017,4,16,22,5,2,0,0.0,0.0
2017-04-23,2017-04-23,71,7194.0,1729.0,2017,4,16,23,6,2,0,0.0,0.0
2017-04-24,2017-04-24,68,8184.0,1732.0,2017,4,17,24,0,2,0,0.0,0.0
2017-04-25,2017-04-25,69,8352.0,1731.0,2017,4,17,25,1,2,0,0.0,0.0
2017-04-26,2017-04-26,61,8874.0,1775.0,2017,4,17,26,2,2,0,40.0,36.0
2017-04-27,2017-04-27,61,7368.0,1739.0,2017,4,17,27,3,2,0,0.0,0.0
2017-04-28,2017-04-28,63,7230.0,1737.0,2017,4,17,28,4,2,0,0.0,0.0
2017-04-29,2017-04-29,59,6468.0,1741.0,2017,4,17,29,5,2,0,0.0,0.0
2017-04-30,2017-04-30,62,6984.0,1738.0,2017,4,17,30,6,2,0,0.0,0.0
2017-05-01,2017-05-01,64,10218.0,2044.0,2017,5,18,1,0,2,1,342.22222222222223,308.0
2017-05-02,2017-05-02,69,8376.0,1731.0,2017,5,18,2,1,2,0,0.0,0.0
2017-05-03,2017-05-03,65,10050.0,2010.0,2017,5,18,3,2,2,0,305.55555555555554,275.0
2017-05-04,2017-05-04,64,9582.0,1917.0,2017,5,18,4,3,2,0,201.11111111111111,181.0
2017-05-05,2017-05-05,63,7140.0,1737.0,2017,5,18,5,4,2,0,0.0,0.0
2017-05-06,2017-05-06,54,9270.0,1854.0,2017,5,18,6,5,2,0,120.0,108.0
2017-05-07,2017-05-07,61,6966.0,1739.0,2017,5,18,7,6,2,0,0.0,0.0
2017-05-08,2017-05-08,59,8616.0,1741.0,2017,5,19,8,0,2,0,0.0,0.0
2017-05-09,2017-05-09,54,9444.0,1889.0,2017,5,19,9,1,2,0,158.88888888888889,143.0
2017-05-10,2017-05-10,55,9066.0,1814.0,2017,5,19,10,2,2,0,76.66666666666667,69.0
2017-05-11,2017-05-11,55,8862.0,1773.0,2017,5,19,11,3,2,0,31.11111111111111,28.0
2017-05-12,2017-05-12,55,9420.0,1884.0,2017,5,19,12,4,2,0,154.44444444444446,139.0
2017-05-13,2017-05-13,54,7914.0,1746.0,2017,5,19,13,5,2,0,0.0,0.0
2017-05-14,2017-05-14,65,8592.0,1735.0,2017,5,19,14,6,2,0,0.0,0.0
2017-05-15,2017-05-15,77,8256.0,1723.0,2017,5,20,15,0,2,0,0.0,0.0
2017-05-16,2017-05-16,70,8178.0,1730.0,2017,5,20,16,1,2,0,0.0,0.0
2017-05-17,2017-05-17,70,6876.0,1730.0,2017,5,20,17,2,2,0,0.0,0.0
2017-05-18,2017-05-18,62,7242.0,1738.0,2017,5,20,18,3,2,0,0.0,0.0
2017-05-19,2017-05-19,55,7746.0,1745.0,2017,5,20,19,4,2,0,0.0,0.0
2017-05-20,2017-05-20,45,6534.0,1755.0,2017,5,20,20,5,2,0,0.0,0.0
2017-05-21,2017-05-21,48,6066.0,1752.0,2017,5,20,21,6,2,0,0.0,0.0
2017-05-22,2017-05-22,61,8766.0,1754.0,2017,5,21,22,0,2,0,16.666666666666664,15.0
2017-05-23,2017-05-23,54,9606.0,1922.0,2017,5,21,23,1,2,0,195.55555555555554,176.0
2017-05-24,2017-05-24,51,8142.0,1749.0,2017,5,21,24,2,2,0,0.0,0.0
2017-05-25,2017-05-25,52,6750.0,1748.0,2017,5,21,25,3,2,1,0.0,0.0
2017-05-26,2017-05-26,58,7062.0,1742.0,2017,5,21,26,4,2,0,0.0,0.0
2017-05-27,2017-05-27,51,7290.0,1749.0,2017,5,21,27,5,2,0,0.0,0.0
2017-05-28,2017-05-28,58,8538.0,1742.0,2017,5,21,28,6,2,0,0.0,0.0
2017-05-29,2017-05-29,57,8112.0,1743.0,2017,5,22,29,0,2,0,0.0,0.0
2017-05-30,2017-05-30,55,7098.0,1745.0,2017,5,22,30,1,2,0,0.0,0.0
2017-05-31,2017-05-31,52,9294.0,1859.0,2017,5,22,31,2,2,0,123.33333333333334,111.0
2017-06-01,2017-06-01,54,10830.0,2166.0,2017,6,22,1,3,2,0,466.6666666666667,420.0
2017-06-02,2017-06-02,57,9840.0,1968.0,2017,6,22,2,4,2,0,250.0,225.0
2017-06-03,2017-06-03,56,7296.0,1744.0,2017,6,22,3,5,2,0,0.0,0.0
2017-06-04,2017-06-04,48,8136.0,1752.0,2017,6,22,4,6,2,0,0.0,0.0
2017-06-05,2017-06-05,56,9876.0,1976.0,2017,6,23,5,0,2,1,257.77777777777777,232.0
2017-06-06,2017-06-06,61,8268.0,1739.0,2017,6,23,6,1,2,0,0.0,0.0
2017-06-07,2017-06-07,58,9630.0,1926.0,2017,6,23,7,2,2,0,204.44444444444443,184.0
2017-06-08,2017-06-08,54,9186.0,1838.0,2017,6,23,8,3,2,0,102.22222222222221,92.0
2017-06-09,2017-06-09,56,6924.0,1744.0,2017,6,23,9,4,2,0,0.0,0.0
2017-06-10,2017-06-10,54,9312.0,1863.0,2017,6,23,10,5,2,0,130.0,117.0
2017-06-11,2017-06-11,54,7812.0,1746.0,2017,6,23,11,6,2,0,0.0,0.0
2017-06-12,2017-06-12,56,9174.0,1835.0,2017,6,24,12,0,2,0,101.11111111111111,91.0
2017-06-13,2017-06-13,56,9852.0,1971.0,2017,6,24,13,1,2,0,252.22222222222223,227.0
2017-06-14,2017-06-14,55,8376.0,1745.0,2017,6,24,14,2,2,0,0.0,0.0
2017-06-15,2017-06-15,45,7452.0,1755.0,2017,6,24,15,3,2,0,0.0,0.0
2017-06-16,2017-06-16,50,7728.0,1750.0,2017,6,24,16,4,2,0,0.0,0.0
2017-06-17,2017-06-17,52,7596.0,1748.0,2017,6,24,17,5,2,0,0.0,0.0
2017-06-18,2017-06-18,64,6540.0,1736.0,2017,6,24,18,6,2,0,0.0,0.0
2017-06-19,2017-06-19,63,8370.0,1737.0,2017,6,25,19,0,2,0,0.0,0.0
2017-06-20,2017-06-20,59,8490.0,1741.0,2017,6,25,20,1,2,0,0.0,0.0
2017-06-21,2017-06-21,60,8892.0,1779.0,2017,6,25,21,2,2,0,43.333333333333336,39.0
2017-06-22,2017-06-22,53,8598.0,1747.0,2017,6,25,22,3,2,0,0.0,0.0
2017-06-23,2017-06-23,55,6942.0,1745.0,2017,6,25,23,4,2,0,0.0,0.0
2017-06-24,2017-06-24,57,7662.0,1743.0,2017,6,25,24,5,2,0,0.0,0.0
2017-06-25,2017-06-25,63,6054.0,1737.0,2017,6,25,25,6,2,0,0.0,0.0
2017-06-26,2017-06-26,64,7620.0,1736.0,2017,6,26,26,0,2,0,0.0,0.0
2017-06-27,2017-06-27,53,7764.0,1747.0,2017,6,26,27,1,2,0,0.0,0.0
2017-06-28,2017-06-28,54,8040.0,1746.0,2017,6,26,28,2,2,0,0.0,0.0
2017-06-29,2017-06-29,57,8160.0,1743.0,2017,6,26,29,3,2,0,0.0,0.0
2017-06-30,2017-06-30,59,9060.0,1812.0,2017,6,26,30,4,2,0,78.88888888888889,71.0
2017-07-01,2017-07-01,51,8352.0,1749.0,2017,7,26,1,5,3,0,0.0,0.0
2017-07-02,2017-07-02,50,7860.0,1750.0,2017,7,26,2,6,3,0,0.0,0.0
2017-07-03,2017-07-03,60,8802.0,1761.0,2017,7,27,3,0,3,0,23.333333333333332,21.0
2017-07-04,2017-07-04,48,9228.0,1846.0,2017,7,27,4,1,3,0,104.44444444444446,94.0
2017-07-05,2017-07-05,49,10398.0,2080.0,2017,7,27,5,2,3,0,365.55555555555554,329.0
2017-07-06,2017-07-06,46,7578.0,1754.0,2017,7,27,6,3,3,0,0.0,0.0
2017-07-07,2017-07-07,44,7314.0,1756.0,2017,7,27,7,4,3,0,0.0,0.0
2017-07-08,2017-07-08,43,7398.0,1757.0,2017,7,27,8,5,3,0,0.0,0.0
2017-07-09,2017-07-09,46,7878.0,1754.0,2017,7,27,9,6,3,0,0.0,0.0
2017-07-10,2017-07-10,49,7200.0,1751.0,2017,7,28,10,0,3,0,0.0,0.0
2017-07-11,2017-07-11,47,7872.0,1753.0,2017,7,28,11,1,3,0,0.0,0.0
2017-07-12,2017-07-12,49,7524.0,1751.0,2017,7,28,12,2,3,0,0.0,0.0
2017-07-13,2017-07-13,53,6960.0,1747.0,2017,7,28,13,3,3,0,0.0,0.0
2017-07-14,2017-07-14,59,9354.0,1871.0,2017,7,28,14,4,3,0,144.44444444444443,130.0
2017-07-15,2017-07-15,62,8808.0,1762.0,2017,7,28,15,5,3,0,26.666666666666668,24.0
2017-07-16,2017-07-16,71,8982.0,1797.0,2017,7,28,16,6,3,0,75.55555555555556,68.0
2017-07-17,2017-07-17,69,9336.0,1868.0,2017,7,29,17,0,3,0,152.22222222222223,137.0
2017-07-18,2017-07-18,66,9624.0,1925.0,2017,7,29,18,1,3,0,212.22222222222223,191.0
2017-07-19,2017-07-19,59,9534.0,1907.0,2017,7,29,19,2,3,0,184.44444444444446,166.0
2017-07-20,2017-07-20,56,7152.0,1744.0,2017,7,29,20,3,3,0,0.0,0.0
2017-07-21,2017-07-21,54,8052.0,1746.0,2017,7,29,21,4,3,0,0.0,0.0
2017-07-22,2017-07-22,51,8190.0,1749.0,2017,7,29,22,5,3,0,0.0,0.0
2017-07-23,2017-07-23,55,7686.0,1745.0,2017,7,29,23,6,3,0,0.0,0.0
2017-07-24,2017-07-24,62,7530.0,1738.0,2017,7,30,24,0,3,0,0.0,0.0
2017-07-25,2017-07-25,59,8400.0,1741.0,2017,7,30,25,1,3,0,0.0,0.0
2017-07-26,2017-07-26,61,7956.0,1739.0,2017,7,30,26,2,3,0,0.0,0.0
2017-07-27,2017-07-27,55,8400.0,1745.0,2017,7,30,27,3,3,0,0.0,0.0
2017-07-28,2017-07-28,56,7104.0,1744.0,2017,7,30,28,4,3,0,0.0,0.0
2017-07-29,2017-07-29,52,8724.0,1748.0,2017,7,30,29,5,3,0,0.0,0.0
2017-07-30,2017-07-30,52,6324.0,1748.0,2017,7,30,30,6,3,0,0.0,0.0
2017-07-31,2017-07-31,73,7818.0,1727.0,2017,7,31,31,0,3,0,0.0,0.0
2017-08-01,2017-08-01,63,10476.0,2096.0,2017,8,31,1,1,3,0,398.8888888888889,359.0
2017-08-02,2017-08-02,63,10068.0,2014.0,2017,8,31,2,2,3,0,307.77777777777777,277.0
2017-08-03,2017-08-03,68,9372.0,1875.0,2017,8,31,3,3,3,0,158.88888888888889,143.0
2017-08-04,2017-08-04,66,7506.0,1734.0,2017,8,31,4,4,3,0,0.0,0.0
2017-08-05,2017-08-05,64,9672.0,1935.0,2017,8,31,5,5,3,0,221.11111111111111,199.0
2017-08-06,2017-08-06,70,6654.0,1730.0,2017,8,31,6,6,3,0,0.0,0.0
2017-08-07,2017-08-07,68,9174.0,1835.0,2017,8,32,7,0,3,0,114.44444444444444,103.0
2017-08-08,2017-08-08,63,9186.0,1838.0,2017,8,32,8,1,3,0,112.22222222222223,101.0
2017-08-09,2017-08-09,57,8712.0,1743.0,2017,8,32,9,2,3,0,0.0,0.0
2017-08-10,2017-08-10,57,8016.0,1743.0,2017,8,32,10,3,3,0,0.0,0.0
2017-08-11,2017-08-11,66,9426.0,1886.0,2017,8,32,11,4,3,0,168.88888888888889,152.0
2017-08-12,2017-08-12,62,7548.0,1738.0,2017,8,32,12,5,3,0,0.0,0.0
2017-08-13,2017-08-13,66,6408.0,1734.0,2017,8,32,13,6,3,0,0.0,0.0
2017-08-14,2017-08-14,65,9360.0,1872.0,2017,8,33,14,0,3,0,152.22222222222223,137.0
2017-08-15,2017-08-15,69,8844.0,1769.0,2017,8,33,15,1,3,0,42.22222222222222,38.0
2017-08-16,2017-08-16,66,9114.0,1823.0,2017,8,33,16,2,3,0,98.88888888888889,89.0
2017-08-17,2017-08-17,59,9006.0,1802.0,2017,8,33,17,3,3,0,67.77777777777779,61.0
2017-08-18,2017-08-18,61,8796.0,1760.0,2017,8,33,18,4,3,0,23.333333333333332,21.0
2017-08-19,2017-08-19,52,8748.0,1750.0,2017,8,33,19,5,3,0,2.2222222222222223,2.0
2017-08-20,2017-08-20,61,8406.0,1739.0,2017,8,33,20,6,3,0,0.0,0.0
2017-08-21,2017-08-21,66,8316.0,1734.0,2017,8,34,21,0,3,0,0.0,0.0
2017-08-22,2017-08-22,76,8556.0,1724.0,2017,8,34,22,1,3,0,0.0,0.0
2017-08-23,2017-08-23,74,7602.0,1726.0,2017,8,34,23,2,3,0,0.0,0.0
2017-08-24,2017-08-24,72,9156.0,1832.0,2017,8,34,24,3,3,0,115.55555555555554,104.0
2017-08-25,2017-08-25,75,7092.0,1725.0,2017,8,34,25,4,3,0,0.0,0.0
2017-08-26,2017-08-26,72,8880.0,1776.0,2017,8,34,26,5,3,0,53.333333333333336,48.0
2017-08-27,2017-08-27,68,7386.0,1732.0,2017,8,34,27,6,3,0,0.0,0.0
2017-08-28,2017-08-28,73,7566.0,1727.0,2017,8,35,28,0,3,0,0.0,0.0
2017-08-29,2017-08-29,66,9546.0,1910.0,2017,8,35,29,1,3,0,195.55555555555554,176.0
2017-08-30,2017-08-30,62,6924.0,1738.0,2017,8,35,30,2,3,0,0.0,0.0
2017-08-31,2017-08-31,69,7710.0,1731.0,2017,8,35,31,3,3,0,0.0,0.0
2017-09-01,2017-09-01,78,9210.0,1842.0,2017,9,35,1,4,3,0,133.33333333333331,120.0
2017-09-02,2017-09-02,67,8922.0,1785.0,2017,9,35,2,5,3,0,57.77777777777777,52.0
2017-09-03,2017-09-03,66,9228.0,1846.0,2017,9,35,3,6,3,0,124.44444444444444,112.0
2017-09-04,2017-09-04,75,8178.0,1725.0,2017,9,36,4,0,3,0,0.0,0.0
2017-09-05,2017-09-05,76,8280.0,1724.0,2017,9,36,5,1,3,0,0.0,0.0
2017-09-06,2017-09-06,83,8010.0,1717.0,2017,9,36,6,2,3,0,0.0,0.0
2017-09-07,2017-09-07,93,7338.0,1707.0,2017,9,36,7,3,3,0,0.0,0.0
2017-09-08,2017-09-08,89,6978.0,1711.0,2017,9,36,8,4,3,0,0.0,0.0
2017-09-09,2017-09-09,89,7584.0,1711.0,2017,9,36,9,5,3,0,0.0,0.0
2017-09-10,2017-09-10,88,8586.0,1718.0,2017,9,36,10,6,3,0,6.666666666666667,6.0
2017-09-11,2017-09-11,90,8070.0,1710.0,2017,9,37,11,0,3,0,0.0,0.0
2017-09-12,2017-09-12,78,8076.0,1722.0,2017,9,37,12,1,3,0,0.0,0.0
2017-09-13,2017-09-13,88,9654.0,1931.0,2017,9,37,13,2,3,0,243.33333333333331,219.0
2017-09-14,2017-09-14,82,6666.0,1718.0,2017,9,37,14,3,3,0,0.0,0.0
2017-09-15,2017-09-15,88,8604.0,1721.0,2017,9,37,15,4,3,0,10.0,9.0
2017-09-16,2017-09-16,74,8964.0,1793.0,2017,9,37,16,5,3,0,74.44444444444444,67.0
2017-09-17,2017-09-17,79,6168.0,1721.0,2017,9,37,17,6,3,0,0.0,0.0
2017-09-18,2017-09-18,78,8946.0,1790.0,2017,9,38,18,0,3,0,75.55555555555556,68.0
2017-09-19,2017-09-19,86,7224.0,1714.0,2017,9,38,19,1,3,0,0.0,0.0
2017-09-20,2017-09-20,92,8064.0,1708.0,2017,9,38,20,2,3,0,0.0,0.0
2017-09-21,2017-09-21,101,8514.0,1703.0,2017,9,38,21,3,3,0,4.444444444444445,4.0
2017-09-22,2017-09-22,106,7794.0,1694.0,2017,9,38,22,4,3,0,0.0,0.0
2017-09-23,2017-09-23,93,8922.0,1785.0,2017,9,38,23,5,3,0,86.66666666666667,78.0
2017-09-24,2017-09-24,94,6768.0,1706.0,2017,9,38,24,6,3,0,0.0,0.0
2017-09-25,2017-09-25,93,7116.0,1707.0,2017,9,39,25,0,3,0,0.0,0.0
2017-09-26,2017-09-26,80,8670.0,1734.0,2017,9,39,26,1,3,0,15.555555555555555,14.0
2017-09-27,2017-09-27,76,7836.0,1724.0,2017,9,39,27,2,3,0,0.0,0.0
2017-09-28,2017-09-28,73,6690.0,1727.0,2017,9,39,28,3,3,0,0.0,0.0
2017-09-29,2017-09-29,83,8808.0,1762.0,2017,9,39,29,4,3,0,50.0,45.0
2017-09-30,2017-09-30,77,8304.0,1723.0,2017,9,39,30,5,3,0,0.0,0.0
2017-10-01,2017-10-01,81,9414.0,1883.0,2017,10,39,1,6,4,0,182.22222222222223,164.0
2017-10-02,2017-10-02,82,8484.0,1718.0,2017,10,40,2,0,4,0,0.0,0.0
2017-10-03,2017-10-03,88,8664.0,1733.0,2017,10,40,3,1,4,1,23.333333333333332,21.0
2017-10-04,2017-10-04,96,8820.0,1764.0,2017,10,40,4,2,4,0,66.66666666666666,60.0
2017-10-05,2017-10-05,86,9852.0,1971.0,2017,10,40,5,3,4,0,285.55555555555554,257.0
2017-10-06,2017-10-06,89,8232.0,1711.0,2017,10,40,6,4,4,0,0.0,0.0
2017-10-07,2017-10-07,81,6426.0,1719.0,2017,10,40,7,5,4,0,0.0,0.0
2017-10-08,2017-10-08,91,7014.0,1709.0,2017,10,40,8,6,4,0,0.0,0.0
2017-10-09,2017-10-09,95,9564.0,1913.0,2017,10,41,9,0,4,0,231.1111111111111,208.0
2017-10-10,2017-10-10,91,8670.0,1734.0,2017,10,41,10,1,4,0,27.77777777777778,25.0
2017-10-11,2017-10-11,88,7854.0,1712.0,2017,10,41,11,2,4,0,0.0,0.0
2017-10-12,2017-10-12,92,7050.0,1708.0,2017,10,41,12,3,4,0,0.0,0.0
2017-10-13,2017-10-13,88,6468.0,1712.0,2017,10,41,13,4,4,0,0.0,0.0
2017-10-14,2017-10-14,75,6972.0,1725.0,2017,10,41,14,5,4,0,0.0,0.0
2017-10-15,2017-10-15,88,7908.0,1712.0,2017,10,41,15,6,4,0,0.0,0.0
2017-10-16,2017-10-16,96,9054.0,1811.0,2017,10,42,16,0,4,0,118.88888888888889,107.0
2017-10-17,2017-10-17,94,7728.0,1706.0,2017,10,42,17,1,4,0,0.0,0.0
2017-10-18,2017-10-18,93,7518.0,1707.0,2017,10,42,18,2,4,0,0.0,0.0
2017-10-19,2017-10-19,93,8472.0,1707.0,2017,10,42,19,3,4,0,0.0,0.0
2017-10-20,2017-10-20,97,7434.0,1703.0,2017,10,42,20,4,4,0,0.0,0.0
2017-10-21,2017-10-21,96,6966.0,1704.0,2017,10,42,21,5,4,0,0.0,0.0
2017-10-22,2017-10-22,95,7062.0,1705.0,2017,10,42,22,6,4,0,0.0,0.0
2017-10-23,2017-10-23,89,7596.0,1711.0,2017,10,43,23,0,4,0,0.0,0.0
2017-10-24,2017-10-24,81,8346.0,1719.0,2017,10,43,24,1,4,0,0.0,0.0
2017-10-25,2017-10-25,78,7608.0,1722.0,2017,10,43,25,2,4,0,0.0,0.0
2017-10-26,2017-10-26,77,7854.0,1723.0,2017,10,43,26,3,4,0,0.0,0.0
2017-10-27,2017-10-27,73,8502.0,1727.0,2017,10,43,27,4,4,0,0.0,0.0
2017-10-28,2017-10-28,64,6462.0,1736.0,2017,10,43,28,5,4,0,0.0,0.0
2017-10-29,2017-10-29,119,7764.0,1681.0,2017,10,43,29,6,4,0,0.0,0.0
2017-10-30,2017-10-30,64,9258.0,1852.0,2017,10,44,30,0,4,0,128.88888888888889,116.0
2017-10-31,2017-10-31,64,7200.0,1736.0,2017,10,44,31,1,4,1,0.0,0.0
2017-11-01,2017-11-01,57,9930.0,1986.0,2017,11,44,1,2,4,0,270.0,243.0
2017-11-02,2017-11-02,60,8766.0,1754.0,2017,11,44,2,3,4,0,15.555555555555555,14.0
2017-11-03,2017-11-03,62,9468.0,1894.0,2017,11,44,3,4,4,0,173.33333333333334,156.0
2017-11-04,2017-11-04,49,7650.0,1751.0,2017,11,44,4,5,4,0,0.0,0.0
2017-11-05,2017-11-05,61,7086.0,1739.0,2017,11,44,5,6,4,0,0.0,0.0
2017-11-06,2017-11-06,64,7494.0,1736.0,2017,11,45,6,0,4,0,0.0,0.0
2017-11-07,2017-11-07,64,7638.0,1736.0,2017,11,45,7,1,4,0,0.0,0.0
2017-11-08,2017-11-08,58,7128.0,1742.0,2017,11,45,8,2,4,0,0.0,0.0
2017-11-09,2017-11-09,73,6360.0,1727.0,2017,11,45,9,3,4,0,0.0,0.0
2017-11-10,2017-11-10,68,6930.0,1732.0,2017,11,45,10,4,4,0,0.0,0.0
2017-11-11,2017-11-11,64,7170.0,1736.0,2017,11,45,11,5,4,0,0.0,0.0
2017-11-12,2017-11-12,61,6360.0,1739.0,2017,11,45,12,6,4,0,0.0,0.0
2017-11-13,2017-11-13,61,8610.0,1739.0,2017,11,46,13,0,4,0,0.0,0.0
2017-11-14,2017-11-14,63,8322.0,1737.0,2017,11,46,14,1,4,0,0.0,0.0
2017-11-15,2017-11-15,68,7206.0,1732.0,2017,11,46,15,2,4,0,0.0,0.0
2017-11-16,2017-11-16,65,7182.0,1735.0,2017,11,46,16,3,4,0,0.0,0.0
2017-11-17,2017-11-17,73,6870.0,1727.0,2017,11,46,17,4,4,0,0.0,0.0
2017-11-18,2017-11-18,65,6294.0,1735.0,2017,11,46,18,5,4,0,0.0,0.0
2017-11-19,2017-11-19,67,5724.0,1733.0,2017,11,46,19,6,4,0,0.0,0.0
2017-11-20,2017-11-20,70,6126.0,1730.0,2017,11,47,20,0,4,0,0.0,0.0
2017-11-21,2017-11-21,70,7740.0,1730.0,2017,11,47,21,1,4,0,0.0,0.0
2017-11-22,2017-11-22,62,7674.0,1738.0,2017,11,47,22,2,4,0,0.0,0.0
2017-11-23,2017-11-23,59,6048.0,1741.0,2017,11,47,23,3,4,0,0.0,0.0
2017-11-24,2017-11-24,60,6402.0,1740.0,2017,11,47,24,4,4,0,0.0,0.0
2017-11-25,2017-11-25,52,6444.0,1748.0,2017,11,47,25,5,4,0,0.0,0.0
2017-11-26,2017-11-26,62,5532.0,1738.0,2017,11,47,26,6,4,0,0.0,0.0
2017-11-27,2017-11-27,72,6042.0,1728.0,2017,11,48,27,0,4,0,0.0,0.0
2017-11-28,2017-11-28,70,7632.0,1730.0,2017,11,48,28,1,4,0,0.0,0.0
2017-11-29,2017-11-29,67,6150.0,1733.0,2017,11,48,29,2,4,0,0.0,0.0
2017-11-30,2017-11-30,67,7620.0,1733.0,2017,11,48,30,3,4,0,0.0,0.0
2017-12-01,2017-12-01,69,8082.0,1731.0,2017,12,48,1,4,4,0,0.0,0.0
2017-12-02,2017-12-02,62,6030.0,1738.0,2017,12,48,2,5,4,0,0.0,0.0
2017-12-03,2017-12-03,66,6312.0,1734.0,2017,12,48,3,6,4,0,0.0,0.0
2017-12-04,2017-12-04,76,7158.0,1724.0,2017,12,49,4,0,4,0,0.0,0.0
2017-12-05,2017-12-05,71,8406.0,1729.0,2017,12,49,5,1,4,0,0.0,0.0
2017-12-06,2017-12-06,66,7644.0,1734.0,2017,12,49,6,2,4,0,0.0,0.0
2017-12-07,2017-12-07,69,6954.0,1731.0,2017,12,49,7,3,4,0,0.0,0.0
2017-12-08,2017-12-08,59,6714.0,1741.0,2017,12,49,8,4,4,0,0.0,0.0
2017-12-09,2017-12-09,57,7338.0,1743.0,2017,12,49,9,5,4,0,0.0,0.0
2017-12-10,2017-12-10,66,6390.0,1734.0,2017,12,49,10,6,4,0,0.0,0.0
2017-12-11,2017-12-11,68,6162.0,1732.0,2017,12,50,11,0,4,0,0.0,0.0
2017-12-12,2017-12-12,67,7602.0,1733.0,2017,12,50,12,1,4,0,0.0,0.0
2017-12-13,2017-12-13,69,6450.0,1731.0,2017,12,50,13,2,4,0,0.0,0.0
2017-12-14,2017-12-14,79,6480.0,1721.0,2017,12,50,14,3,4,0,0.0,0.0
2017-12-15,2017-12-15,83,5556.0,1717.0,2017,12,50,15,4,4,0,0.0,0.0
2017-12-16,2017-12-16,74,7620.0,1726.0,2017,12,50,16,5,4,0,0.0,0.0
2017-12-17,2017-12-17,75,5364.0,1725.0,2017,12,50,17,6,4,0,0.0,0.0
2017-12-18,2017-12-18,83,6096.0,1717.0,2017,12,51,18,0,4,0,0.0,0.0
2017-12-19,2017-12-19,82,5988.0,1718.0,2017,12,51,19,1,4,0,0.0,0.0
2017-12-20,2017-12-20,78,6714.0,1722.0,2017,12,51,20,2,4,0,0.0,0.0
2017-12-21,2017-12-21,83,7800.0,1717.0,2017,12,51,21,3,4,0,0.0,0.0
2017-12-22,2017-12-22,81,7062.0,1719.0,2017,12,51,22,4,4,0,0.0,0.0
2017-12-23,2017-12-23,65,7152.0,1735.0,2017,12,51,23,5,4,0,0.0,0.0
2017-12-24,2017-12-24,57,4854.0,1743.0,2017,12,51,24,6,4,0,0.0,0.0
2017-12-25,2017-12-25,60,7692.0,1740.0,2017,12,52,25,0,4,1,0.0,0.0
2017-12-26,2017-12-26,62,5814.0,1738.0,2017,12,52,26,1,4,1,0.0,0.0
2017-12-27,2017-12-27,76,6558.0,1724.0,2017,12,52,27,2,4,0,0.0,0.0
2017-12-28,2017-12-28,81,6978.0,1719.0,2017,12,52,28,3,4,0,0.0,0.0
2017-12-29,2017-12-29,75,7494.0,1725.0,2017,12,52,29,4,4,0,0.0,0.0
2017-12-30,2017-12-30,71,6432.0,1729.0,2017,12,52,30,5,4,0,0.0,0.0
2017-12-31,2017-12-31,71,4908.0,1729.0,2017,12,52,31,6,4,0,0.0,0.0
2018-01-01,2018-01-01,64,9006.0,1836.0,2018,1,1,1,0,1,1,0.0,0.0
2018-01-02,2018-01-02,75,7224.0,1825.0,2018,1,1,2,1,1,0,0.0,0.0
2018-01-03,2018-01-03,74,6480.0,1826.0,2018,1,1,3,2,1,0,0.0,0.0
2018-01-04,2018-01-04,80,6756.0,1820.0,2018,1,1,4,3,1,0,0.0,0.0
2018-01-05,2018-01-05,80,8436.0,1820.0,2018,1,1,5,4,1,0,0.0,0.0
2018-01-06,2018-01-06,76,7506.0,1824.0,2018,1,1,6,5,1,0,0.0,0.0
2018-01-07,2018-01-07,81,7476.0,1819.0,2018,1,1,7,6,1,0,0.0,0.0
2018-01-08,2018-01-08,90,8412.0,1810.0,2018,1,2,8,0,1,0,0.0,0.0
2018-01-09,2018-01-09,83,8202.0,1817.0,2018,1,2,9,1,1,0,0.0,0.0
2018-01-10,2018-01-10,82,8460.0,1818.0,2018,1,2,10,2,1,0,0.0,0.0
2018-01-11,2018-01-11,80,6834.0,1820.0,2018,1,2,11,3,1,0,0.0,0.0
2018-01-12,2018-01-12,82,7374.0,1818.0,2018,1,2,12,4,1,0,0.0,0.0
2018-01-13,2018-01-13,73,6642.0,1827.0,2018,1,2,13,5,1,0,0.0,0.0
2018-01-14,2018-01-14,84,6756.0,1816.0,2018,1,2,14,6,1,0,0.0,0.0
2018-01-15,2018-01-15,90,6804.0,1810.0,2018,1,3,15,0,1,0,0.0,0.0
2018-01-16,2018-01-16,90,8040.0,1810.0,2018,1,3,16,1,1,0,0.0,0.0
2018-01-17,2018-01-17,83,5742.0,1817.0,2018,1,3,17,2,1,0,0.0,0.0
2018-01-18,2018-01-18,86,8034.0,1814.0,2018,1,3,18,3,1,0,0.0,0.0
2018-01-19,2018-01-19,93,8088.0,1807.0,2018,1,3,19,4,1,0,0.0,0.0
2018-01-20,2018-01-20,78,5808.0,1822.0,2018,1,3,20,5,1,0,0.0,0.0
2018-01-21,2018-01-21,85,6864.0,1815.0,2018,1,3,21,6,1,0,0.0,0.0
2018-01-22,2018-01-22,75,5514.0,1825.0,2018,1,4,22,0,1,0,0.0,0.0
2018-01-23,2018-01-23,66,5838.0,1834.0,2018,1,4,23,1,1,0,0.0,0.0
2018-01-24,2018-01-24,69,6486.0,1831.0,2018,1,4,24,2,1,0,0.0,0.0
2018-01-25,2018-01-25,68,5334.0,1832.0,2018,1,4,25,3,1,0,0.0,0.0
2018-01-26,2018-01-26,65,6618.0,1835.0,2018,1,4,26,4,1,0,0.0,0.0
2018-01-27,2018-01-27,65,6864.0,1835.0,2018,1,4,27,5,1,0,0.0,0.0
2018-01-28,2018-01-28,73,6390.0,1827.0,2018,1,4,28,6,1,0,0.0,0.0
2018-01-29,2018-01-29,80,7416.0,1820.0,2018,1,5,29,0,1,0,0.0,0.0
2018-01-30,2018-01-30,81,5484.0,1819.0,2018,1,5,30,1,1,0,0.0,0.0
2018-01-31,2018-01-31,84,6438.0,1816.0,2018,1,5,31,2,1,0,0.0,0.0
2018-02-01,2018-02-01,70,8400.0,1830.0,2018,2,5,1,3,1,0,0.0,0.0
2018-02-02,2018-02-02,77,7938.0,1823.0,2018,2,5,2,4,1,0,0.0,0.0
2018-02-03,2018-02-03,63,8616.0,1837.0,2018,2,5,3,5,1,0,0.0,0.0
2018-02-04,2018-02-04,71,7686.0,1829.0,2018,2,5,4,6,1,0,0.0,0.0
2018-02-05,2018-02-05,70,7548.0,1830.0,2018,2,6,5,0,1,0,0.0,0.0
2018-02-06,2018-02-06,69,7416.0,1831.0,2018,2,6,6,1,1,0,0.0,0.0
2018-02-07,2018-02-07,69,6960.0,1831.0,2018,2,6,7,2,1,0,0.0,0.0
2018-02-08,2018-02-08,73,7962.0,1827.0,2018,2,6,8,3,1,0,0.0,0.0
2018-02-09,2018-02-09,66,8310.0,1834.0,2018,2,6,9,4,1,0,0.0,0.0
2018-02-10,2018-02-10,56,8010.0,1844.0,2018,2,6,10,5,1,0,0.0,0.0
2018-02-11,2018-02-11,66,6606.0,1834.0,2018,2,6,11,6,1,0,0.0,0.0
2018-02-12,2018-02-12,75,6576.0,1825.0,2018,2,7,12,0,1,0,0.0,0.0
2018-02-13,2018-02-13,58,7410.0,1842.0,2018,2,7,13,1,1,0,0.0,0.0
2018-02-14,2018-02-14,64,7038.0,1836.0,2018,2,7,14,2,1,0,0.0,0.0
2018-02-15,2018-02-15,60,7176.0,1840.0,2018,2,7,15,3,1,0,0.0,0.0
2018-02-16,2018-02-16,75,5868.0,1825.0,2018,2,7,16,4,1,0,0.0,0.0
2018-02-17,2018-02-17,64,7788.0,1836.0,2018,2,7,17,5,1,0,0.0,0.0
2018-02-18,2018-02-18,65,7284.0,1835.0,2018,2,7,18,6,1,0,0.0,0.0
2018-02-19,2018-02-19,67,8076.0,1833.0,2018,2,8,19,0,1,0,0.0,0.0
2018-02-20,2018-02-20,67,6678.0,1833.0,2018,2,8,20,1,1,0,0.0,0.0
2018-02-21,2018-02-21,75,8784.0,1825.0,2018,2,8,21,2,1,0,0.0,0.0
2018-02-22,2018-02-22,68,5958.0,1832.0,2018,2,8,22,3,1,0,0.0,0.0
2018-02-23,2018-02-23,71,8634.0,1829.0,2018,2,8,23,4,1,0,0.0,0.0
2018-02-24,2018-02-24,71,5868.0,1829.0,2018,2,8,24,5,1,0,0.0,0.0
2018-02-25,2018-02-25,79,5634.0,1821.0,2018,2,8,25,6,1,0,0.0,0.0
2018-02-26,2018-02-26,79,6066.0,1821.0,2018,2,9,26,0,1,0,0.0,0.0
2018-02-27,2018-02-27,80,8544.0,1820.0,2018,2,9,27,1,1,0,0.0,0.0
2018-02-28,2018-02-28,85,8880.0,1815.0,2018,2,9,28,2,1,0,0.0,0.0
2018-03-01,2018-03-01,78,10152.0,2031.0,2018,3,9,1,3,1,0,232.22222222222223,209.0
2018-03-02,2018-03-02,80,8802.0,1820.0,2018,3,9,2,4,1,0,0.0,0.0
2018-03-03,2018-03-03,72,7980.0,1828.0,2018,3,9,3,5,1,0,0.0,0.0
2018-03-04,2018-03-04,74,7752.0,1826.0,2018,3,9,4,6,1,0,0.0,0.0
2018-03-05,2018-03-05,78,9588.0,1918.0,2018,3,10,5,0,1,0,106.66666666666667,96.0
2018-03-06,2018-03-06,69,8406.0,1831.0,2018,3,10,6,1,1,0,0.0,0.0
2018-03-07,2018-03-07,76,9462.0,1893.0,2018,3,10,7,2,1,0,76.66666666666667,69.0
2018-03-08,2018-03-08,80,7368.0,1820.0,2018,3,10,8,3,1,0,0.0,0.0
2018-03-09,2018-03-09,87,7782.0,1813.0,2018,3,10,9,4,1,0,0.0,0.0
2018-03-10,2018-03-10,76,8196.0,1824.0,2018,3,10,10,5,1,0,0.0,0.0
2018-03-11,2018-03-11,68,7704.0,1832.0,2018,3,10,11,6,1,0,0.0,0.0
2018-03-12,2018-03-12,68,9072.0,1832.0,2018,3,11,12,0,1,0,0.0,0.0
2018-03-13,2018-03-13,68,9480.0,1896.0,2018,3,11,13,1,1,0,71.11111111111111,64.0
2018-03-14,2018-03-14,78,7134.0,1822.0,2018,3,11,14,2,1,0,0.0,0.0
2018-03-15,2018-03-15,84,9306.0,1862.0,2018,3,11,15,3,1,0,51.11111111111111,46.0
2018-03-16,2018-03-16,82,7602.0,1818.0,2018,3,11,16,4,1,0,0.0,0.0
2018-03-17,2018-03-17,72,7932.0,1828.0,2018,3,11,17,5,1,0,0.0,0.0
2018-03-18,2018-03-18,74,7920.0,1826.0,2018,3,11,18,6,1,0,0.0,0.0
2018-03-19,2018-03-19,76,8646.0,1824.0,2018,3,12,19,0,1,0,0.0,0.0
2018-03-20,2018-03-20,88,6708.0,1812.0,2018,3,12,20,1,1,0,0.0,0.0
2018-03-21,2018-03-21,94,8166.0,1806.0,2018,3,12,21,2,1,0,0.0,0.0
2018-03-22,2018-03-22,88,7116.0,1812.0,2018,3,12,22,3,1,0,0.0,0.0
2018-03-23,2018-03-23,100,7290.0,1800.0,2018,3,12,23,4,1,0,0.0,0.0
2018-03-24,2018-03-24,84,6612.0,1816.0,2018,3,12,24,5,1,0,0.0,0.0
2018-03-25,2018-03-25,83,7248.0,1817.0,2018,3,12,25,6,1,0,0.0,0.0
2018-03-26,2018-03-26,74,7680.0,1826.0,2018,3,13,26,0,1,0,0.0,0.0
2018-03-27,2018-03-27,70,7470.0,1830.0,2018,3,13,27,1,1,0,0.0,0.0
2018-03-28,2018-03-28,69,6876.0,1831.0,2018,3,13,28,2,1,0,0.0,0.0
2018-03-29,2018-03-29,81,8190.0,1819.0,2018,3,13,29,3,1,0,0.0,0.0
2018-03-30,2018-03-30,89,8526.0,1811.0,2018,3,13,30,4,1,1,0.0,0.0
2018-03-31,2018-03-31,72,8010.0,1828.0,2018,3,13,31,5,1,0,0.0,0.0
2018-04-01,2018-04-01,64,9522.0,1905.0,2018,4,13,1,6,2,0,76.66666666666667,69.0
2018-04-02,2018-04-02,58,9642.0,1929.0,2018,4,14,2,0,2,1,96.66666666666667,87.0
2018-04-03,2018-04-03,65,9048.0,1835.0,2018,4,14,3,1,2,0,0.0,0.0
2018-04-04,2018-04-04,62,10566.0,2114.0,2018,4,14,4,2,2,0,306.6666666666667,276.0
2018-04-05,2018-04-05,65,7932.0,1835.0,2018,4,14,5,3,2,0,0.0,0.0
2018-04-06,2018-04-06,67,9654.0,1931.0,2018,4,14,6,4,2,0,108.88888888888889,98.0
2018-04-07,2018-04-07,68,8202.0,1832.0,2018,4,14,7,5,2,0,0.0,0.0
2018-04-08,2018-04-08,70,8268.0,1830.0,2018,4,14,8,6,2,0,0.0,0.0
2018-04-09,2018-04-09,74,9438.0,1888.0,2018,4,15,9,0,2,0,68.88888888888889,62.0
2018-04-10,2018-04-10,66,8580.0,1834.0,2018,4,15,10,1,2,0,0.0,0.0
2018-04-11,2018-04-11,70,7686.0,1830.0,2018,4,15,11,2,2,0,0.0,0.0
2018-04-12,2018-04-12,73,10080.0,2016.0,2018,4,15,12,3,2,0,210.0,189.0
2018-04-13,2018-04-13,72,8454.0,1828.0,2018,4,15,13,4,2,0,0.0,0.0
2018-04-14,2018-04-14,64,8490.0,1836.0,2018,4,15,14,5,2,0,0.0,0.0
2018-04-15,2018-04-15,65,7782.0,1835.0,2018,4,15,15,6,2,0,0.0,0.0
2018-04-16,2018-04-16,60,8160.0,1840.0,2018,4,16,16,0,2,0,0.0,0.0
2018-04-17,2018-04-17,56,10068.0,2014.0,2018,4,16,17,1,2,0,188.88888888888889,170.0
2018-04-18,2018-04-18,64,8352.0,1836.0,2018,4,16,18,2,2,0,0.0,0.0
2018-04-19,2018-04-19,64,7080.0,1836.0,2018,4,16,19,3,2,0,0.0,0.0
2018-04-20,2018-04-20,61,9534.0,1907.0,2018,4,16,20,4,2,0,75.55555555555556,68.0
2018-04-21,2018-04-21,57,9288.0,1858.0,2018,4,16,21,5,2,0,16.666666666666664,15.0
2018-04-22,2018-04-22,58,8760.0,1842.0,2018,4,16,22,6,2,0,0.0,0.0
2018-04-23,2018-04-23,57,8136.0,1843.0,2018,4,17,23,0,2,0,0.0,0.0
2018-04-24,2018-04-24,52,8412.0,1848.0,2018,4,17,24,1,2,0,0.0,0.0
2018-04-25,2018-04-25,55,9174.0,1845.0,2018,4,17,25,2,2,0,0.0,0.0
2018-04-26,2018-04-26,58,9522.0,1905.0,2018,4,17,26,3,2,0,70.0,63.0
2018-04-27,2018-04-27,55,8220.0,1845.0,2018,4,17,27,4,2,0,0.0,0.0
2018-04-28,2018-04-28,54,8178.0,1846.0,2018,4,17,28,5,2,0,0.0,0.0
2018-04-29,2018-04-29,55,8412.0,1845.0,2018,4,17,29,6,2,0,0.0,0.0
2018-04-30,2018-04-30,60,9504.0,1901.0,2018,4,18,30,0,2,0,67.77777777777779,61.0
2018-05-01,2018-05-01,65,9714.0,1943.0,2018,5,18,1,1,2,1,120.0,108.0
2018-05-02,2018-05-02,74,8880.0,1826.0,2018,5,18,2,2,2,0,0.0,0.0
2018-05-03,2018-05-03,78,8652.0,1822.0,2018,5,18,3,3,2,0,0.0,0.0
2018-05-04,2018-05-04,76,9078.0,1824.0,2018,5,18,4,4,2,0,0.0,0.0
2018-05-05,2018-05-05,71,9642.0,1929.0,2018,5,18,5,5,2,0,111.11111111111111,100.0
2018-05-06,2018-05-06,72,9882.0,1977.0,2018,5,18,6,6,2,0,165.55555555555554,149.0
2018-05-07,2018-05-07,70,10320.0,2064.0,2018,5,19,7,0,2,0,260.0,234.0
2018-05-08,2018-05-08,55,9078.0,1845.0,2018,5,19,8,1,2,0,0.0,0.0
2018-05-09,2018-05-09,53,8358.0,1847.0,2018,5,19,9,2,2,0,0.0,0.0
2018-05-10,2018-05-10,53,8562.0,1847.0,2018,5,19,10,3,2,1,0.0,0.0
2018-05-11,2018-05-11,55,8268.0,1845.0,2018,5,19,11,4,2,0,0.0,0.0
2018-05-12,2018-05-12,49,9432.0,1887.0,2018,5,19,12,5,2,0,40.0,36.0
2018-05-13,2018-05-13,56,8190.0,1844.0,2018,5,19,13,6,2,0,0.0,0.0
2018-05-14,2018-05-14,63,8244.0,1837.0,2018,5,20,14,0,2,0,0.0,0.0
2018-05-15,2018-05-15,63,7992.0,1837.0,2018,5,20,15,1,2,0,0.0,0.0
2018-05-16,2018-05-16,60,9480.0,1896.0,2018,5,20,16,2,2,0,62.22222222222222,56.0
2018-05-17,2018-05-17,66,7518.0,1834.0,2018,5,20,17,3,2,0,0.0,0.0
2018-05-18,2018-05-18,68,9942.0,1989.0,2018,5,20,18,4,2,0,174.44444444444446,157.0
2018-05-19,2018-05-19,73,6822.0,1827.0,2018,5,20,19,5,2,0,0.0,0.0
2018-05-20,2018-05-20,78,8460.0,1822.0,2018,5,20,20,6,2,0,0.0,0.0
2018-05-21,2018-05-21,78,9654.0,1931.0,2018,5,21,21,0,2,1,121.1111111111111,109.0
2018-05-22,2018-05-22,83,8442.0,1817.0,2018,5,21,22,1,2,0,0.0,0.0
2018-05-23,2018-05-23,80,7422.0,1820.0,2018,5,21,23,2,2,0,0.0,0.0
2018-05-24,2018-05-24,90,8814.0,1810.0,2018,5,21,24,3,2,0,0.0,0.0
2018-05-25,2018-05-25,102,7572.0,1798.0,2018,5,21,25,4,2,0,0.0,0.0
2018-05-26,2018-05-26,89,8136.0,1811.0,2018,5,21,26,5,2,0,0.0,0.0
2018-05-27,2018-05-27,88,7428.0,1812.0,2018,5,21,27,6,2,0,0.0,0.0
2018-05-28,2018-05-28,80,8862.0,1820.0,2018,5,22,28,0,2,0,0.0,0.0
2018-05-29,2018-05-29,70,8226.0,1830.0,2018,5,22,29,1,2,0,0.0,0.0
2018-05-30,2018-05-30,68,8064.0,1832.0,2018,5,22,30,2,2,0,0.0,0.0
2018-05-31,2018-05-31,67,7392.0,1833.0,2018,5,22,31,3,2,0,0.0,0.0
2018-06-01,2018-06-01,66,10752.0,2151.0,2018,6,22,1,4,2,0,352.22222222222223,317.0
2018-06-02,2018-06-02,60,8766.0,1840.0,2018,6,22,2,5,2,0,0.0,0.0
2018-06-03,2018-06-03,71,9834.0,1967.0,2018,6,22,3,6,2,0,153.33333333333334,138.0
2018-06-04,2018-06-04,80,11370.0,2274.0,2018,6,23,4,0,2,0,504.44444444444446,454.0
2018-06-05,2018-06-05,71,10020.0,2004.0,2018,6,23,5,1,2,0,194.44444444444443,175.0
2018-06-06,2018-06-06,77,9180.0,1836.0,2018,6,23,6,2,2,0,14.444444444444443,13.0
2018-06-07,2018-06-07,77,8718.0,1823.0,2018,6,23,7,3,2,0,0.0,0.0
2018-06-08,2018-06-08,78,8208.0,1822.0,2018,6,23,8,4,2,0,0.0,0.0
2018-06-09,2018-06-09,79,9318.0,1864.0,2018,6,23,9,5,2,0,47.77777777777778,43.0
2018-06-10,2018-06-10,90,7068.0,1810.0,2018,6,23,10,6,2,0,0.0,0.0
2018-06-11,2018-06-11,78,9012.0,1822.0,2018,6,24,11,0,2,0,0.0,0.0
2018-06-12,2018-06-12,72,10380.0,2076.0,2018,6,24,12,1,2,0,275.55555555555554,248.0
2018-06-13,2018-06-13,80,10638.0,2128.0,2018,6,24,13,2,2,0,342.22222222222223,308.0
2018-06-14,2018-06-14,78,8826.0,1822.0,2018,6,24,14,3,2,0,0.0,0.0
2018-06-15,2018-06-15,85,8994.0,1815.0,2018,6,24,15,4,2,0,0.0,0.0
2018-06-16,2018-06-16,82,8196.0,1818.0,2018,6,24,16,5,2,0,0.0,0.0
2018-06-17,2018-06-17,89,7488.0,1811.0,2018,6,24,17,6,2,0,0.0,0.0
2018-06-18,2018-06-18,86,8382.0,1814.0,2018,6,25,18,0,2,0,0.0,0.0
2018-06-19,2018-06-19,85,10452.0,2091.0,2018,6,25,19,1,2,0,306.6666666666667,276.0
2018-06-20,2018-06-20,90,9060.0,1812.0,2018,6,25,20,2,2,0,2.2222222222222223,2.0
2018-06-21,2018-06-21,90,7902.0,1810.0,2018,6,25,21,3,2,0,0.0,0.0
2018-06-22,2018-06-22,91,7356.0,1809.0,2018,6,25,22,4,2,0,0.0,0.0
2018-06-23,2018-06-23,86,9600.0,1920.0,2018,6,25,23,5,2,0,117.77777777777779,106.0
2018-06-24,2018-06-24,86,8148.0,1814.0,2018,6,25,24,6,2,0,0.0,0.0
2018-06-25,2018-06-25,100,10122.0,2025.0,2018,6,26,25,0,2,0,250.0,225.0
2018-06-26,2018-06-26,85,9948.0,1990.0,2018,6,26,26,1,2,0,194.44444444444443,175.0
2018-06-27,2018-06-27,86,8070.0,1814.0,2018,6,26,27,2,2,0,0.0,0.0
2018-06-28,2018-06-28,82,9588.0,1918.0,2018,6,26,28,3,2,0,111.11111111111111,100.0
2018-06-29,2018-06-29,89,9510.0,1902.0,2018,6,26,29,4,2,0,101.11111111111111,91.0
2018-06-30,2018-06-30,90,7692.0,1810.0,2018,6,26,30,5,2,0,0.0,0.0
2018-07-01,2018-07-01,81,9240.0,1848.0,2018,7,26,1,6,3,0,32.22222222222222,29.0
2018-07-02,2018-07-02,80,10416.0,2084.0,2018,7,27,2,0,3,0,293.3333333333333,264.0
2018-07-03,2018-07-03,70,8694.0,1830.0,2018,7,27,3,1,3,0,0.0,0.0
2018-07-04,2018-07-04,60,8844.0,1840.0,2018,7,27,4,2,3,0,0.0,0.0
2018-07-05,2018-07-05,63,8544.0,1837.0,2018,7,27,5,3,3,0,0.0,0.0
2018-07-06,2018-07-06,71,9462.0,1893.0,2018,7,27,6,4,3,0,71.11111111111111,64.0
2018-07-07,2018-07-07,72,9420.0,1884.0,2018,7,27,7,5,3,0,62.22222222222222,56.0
2018-07-08,2018-07-08,78,8418.0,1822.0,2018,7,27,8,6,3,0,0.0,0.0
2018-07-09,2018-07-09,83,9336.0,1868.0,2018,7,28,9,0,3,0,56.666666666666664,51.0
2018-07-10,2018-07-10,78,9768.0,1954.0,2018,7,28,10,1,3,0,146.66666666666666,132.0
2018-07-11,2018-07-11,84,9348.0,1870.0,2018,7,28,11,2,3,0,60.0,54.0
2018-07-12,2018-07-12,80,10572.0,2115.0,2018,7,28,12,3,3,0,327.77777777777777,295.0
2018-07-13,2018-07-13,66,9300.0,1860.0,2018,7,28,13,4,3,0,28.888888888888886,26.0
2018-07-14,2018-07-14,66,10050.0,2010.0,2018,7,28,14,5,3,0,195.55555555555554,176.0
2018-07-15,2018-07-15,73,8742.0,1827.0,2018,7,28,15,6,3,0,0.0,0.0
2018-07-16,2018-07-16,70,9960.0,1992.0,2018,7,29,16,0,3,0,180.0,162.0
2018-07-17,2018-07-17,62,9210.0,1842.0,2018,7,29,17,1,3,0,4.444444444444445,4.0
2018-07-18,2018-07-18,65,9354.0,1871.0,2018,7,29,18,2,3,0,40.0,36.0
2018-07-19,2018-07-19,75,9378.0,1876.0,2018,7,29,19,3,3,0,56.666666666666664,51.0
2018-07-20,2018-07-20,72,7740.0,1828.0,2018,7,29,20,4,3,0,0.0,0.0
2018-07-21,2018-07-21,65,8550.0,1835.0,2018,7,29,21,5,3,0,0.0,0.0
2018-07-22,2018-07-22,62,6978.0,1838.0,2018,7,29,22,6,3,0,0.0,0.0
2018-07-23,2018-07-23,69,8148.0,1831.0,2018,7,30,23,0,3,0,0.0,0.0
2018-07-24,2018-07-24,69,9396.0,1880.0,2018,7,30,24,1,3,0,54.44444444444444,49.0
2018-07-25,2018-07-25,69,8586.0,1831.0,2018,7,30,25,2,3,0,0.0,0.0
2018-07-26,2018-07-26,78,8322.0,1822.0,2018,7,30,26,3,3,0,0.0,0.0
2018-07-27,2018-07-27,82,7872.0,1818.0,2018,7,30,27,4,3,0,0.0,0.0
2018-07-28,2018-07-28,77,7110.0,1823.0,2018,7,30,28,5,3,0,0.0,0.0
2018-07-29,2018-07-29,91,8376.0,1809.0,2018,7,30,29,6,3,0,0.0,0.0
2018-07-30,2018-07-30,92,8442.0,1808.0,2018,7,31,30,0,3,0,0.0,0.0
2018-07-31,2018-07-31,87,8394.0,1813.0,2018,7,31,31,1,3,0,0.0,0.0
2018-08-01,2018-08-01,75,9114.0,1825.0,2018,8,31,1,2,3,0,0.0,0.0
2018-08-02,2018-08-02,79,9024.0,1821.0,2018,8,31,2,3,3,0,0.0,0.0
2018-08-03,2018-08-03,77,9780.0,1956.0,2018,8,31,3,4,3,0,147.77777777777777,133.0
2018-08-04,2018-08-04,64,8946.0,1836.0,2018,8,31,4,5,3,0,0.0,0.0
2018-08-05,2018-08-05,61,9054.0,1839.0,2018,8,31,5,6,3,0,0.0,0.0
2018-08-06,2018-08-06,68,8322.0,1832.0,2018,8,32,6,0,3,0,0.0,0.0
2018-08-07,2018-08-07,69,9108.0,1831.0,2018,8,32,7,1,3,0,0.0,0.0
2018-08-08,2018-08-08,74,8676.0,1826.0,2018,8,32,8,2,3,0,0.0,0.0
2018-08-09,2018-08-09,75,7926.0,1825.0,2018,8,32,9,3,3,0,0.0,0.0
2018-08-10,2018-08-10,74,8406.0,1826.0,2018,8,32,10,4,3,0,0.0,0.0
2018-08-11,2018-08-11,59,7692.0,1841.0,2018,8,32,11,5,3,0,0.0,0.0
2018-08-12,2018-08-12,63,8070.0,1837.0,2018,8,32,12,6,3,0,0.0,0.0
2018-08-13,2018-08-13,64,8016.0,1836.0,2018,8,33,13,0,3,0,0.0,0.0
2018-08-14,2018-08-14,58,10146.0,2030.0,2018,8,33,14,1,3,0,208.8888888888889,188.0
2018-08-15,2018-08-15,53,8304.0,1847.0,2018,8,33,15,2,3,0,0.0,0.0
2018-08-16,2018-08-16,56,9648.0,1930.0,2018,8,33,16,3,3,0,95.55555555555556,86.0
2018-08-17,2018-08-17,62,7842.0,1838.0,2018,8,33,17,4,3,0,0.0,0.0
2018-08-18,2018-08-18,66,7470.0,1834.0,2018,8,33,18,5,3,0,0.0,0.0
2018-08-19,2018-08-19,75,9228.0,1846.0,2018,8,33,19,6,3,0,23.333333333333332,21.0
2018-08-20,2018-08-20,79,8304.0,1821.0,2018,8,34,20,0,3,0,0.0,0.0
2018-08-21,2018-08-21,71,9996.0,2000.0,2018,8,34,21,1,3,0,190.0,171.0
2018-08-22,2018-08-22,79,9354.0,1871.0,2018,8,34,22,2,3,0,55.55555555555556,50.0
2018-08-23,2018-08-23,83,9786.0,1958.0,2018,8,34,23,3,3,0,156.66666666666666,141.0
2018-08-24,2018-08-24,89,9072.0,1815.0,2018,8,34,24,4,3,0,4.444444444444445,4.0
2018-08-25,2018-08-25,82,9558.0,1912.0,2018,8,34,25,5,3,0,104.44444444444446,94.0
2018-08-26,2018-08-26,95,8712.0,1805.0,2018,8,34,26,6,3,0,0.0,0.0
2018-08-27,2018-08-27,90,9138.0,1828.0,2018,8,35,27,0,3,0,20.0,18.0
2018-08-28,2018-08-28,92,8652.0,1808.0,2018,8,35,28,1,3,0,0.0,0.0
2018-08-29,2018-08-29,80,8064.0,1820.0,2018,8,35,29,2,3,0,0.0,0.0
2018-08-30,2018-08-30,77,8244.0,1823.0,2018,8,35,30,3,3,0,0.0,0.0
2018-08-31,2018-08-31,87,9780.0,1956.0,2018,8,35,31,4,3,0,158.88888888888889,143.0
2018-09-01,2018-09-01,84,10644.0,2129.0,2018,9,35,1,5,3,0,347.77777777777777,313.0
2018-09-02,2018-09-02,83,10002.0,2001.0,2018,9,35,2,6,3,0,204.44444444444443,184.0
2018-09-03,2018-09-03,85,10656.0,2132.0,2018,9,36,3,0,3,0,352.22222222222223,317.0
2018-09-04,2018-09-04,80,9270.0,1854.0,2018,9,36,4,1,3,0,37.77777777777778,34.0
2018-09-05,2018-09-05,82,10752.0,2151.0,2018,9,36,5,2,3,0,370.0,333.0
2018-09-06,2018-09-06,88,9966.0,1994.0,2018,9,36,6,3,3,0,202.22222222222223,182.0
2018-09-07,2018-09-07,91,9336.0,1868.0,2018,9,36,7,4,3,0,65.55555555555556,59.0
2018-09-08,2018-09-08,85,8970.0,1815.0,2018,9,36,8,5,3,0,0.0,0.0
2018-09-09,2018-09-09,94,8622.0,1806.0,2018,9,36,9,6,3,0,0.0,0.0
2018-09-10,2018-09-10,102,7896.0,1798.0,2018,9,37,10,0,3,0,0.0,0.0
2018-09-11,2018-09-11,90,9504.0,1901.0,2018,9,37,11,1,3,0,101.11111111111111,91.0
2018-09-12,2018-09-12,91,9606.0,1922.0,2018,9,37,12,2,3,0,125.55555555555556,113.0
2018-09-13,2018-09-13,97,8010.0,1803.0,2018,9,37,13,3,3,0,0.0,0.0
2018-09-14,2018-09-14,100,7662.0,1800.0,2018,9,37,14,4,3,0,0.0,0.0
2018-09-15,2018-09-15,97,7746.0,1803.0,2018,9,37,15,5,3,0,0.0,0.0
2018-09-16,2018-09-16,93,9120.0,1824.0,2018,9,37,16,6,3,0,18.88888888888889,17.0
2018-09-17,2018-09-17,90,7680.0,1810.0,2018,9,38,17,0,3,0,0.0,0.0
2018-09-18,2018-09-18,89,8892.0,1811.0,2018,9,38,18,1,3,0,0.0,0.0
2018-09-19,2018-09-19,107,8040.0,1793.0,2018,9,38,19,2,3,0,0.0,0.0
2018-09-20,2018-09-20,116,8784.0,1784.0,2018,9,38,20,3,3,0,0.0,0.0
2018-09-21,2018-09-21,116,9108.0,1822.0,2018,9,38,21,4,3,0,42.22222222222222,38.0
2018-09-22,2018-09-22,102,9438.0,1888.0,2018,9,38,22,5,3,0,100.0,90.0
2018-09-23,2018-09-23,104,6420.0,1796.0,2018,9,38,23,6,3,0,0.0,0.0
2018-09-24,2018-09-24,104,8700.0,1796.0,2018,9,39,24,0,3,0,0.0,0.0
2018-09-25,2018-09-25,106,9228.0,1846.0,2018,9,39,25,1,3,0,57.77777777777777,52.0
2018-09-26,2018-09-26,104,8364.0,1796.0,2018,9,39,26,2,3,0,0.0,0.0
2018-09-27,2018-09-27,106,7800.0,1794.0,2018,9,39,27,3,3,0,0.0,0.0
2018-09-28,2018-09-28,114,7278.0,1786.0,2018,9,39,28,4,3,0,0.0,0.0
2018-09-29,2018-09-29,100,7224.0,1800.0,2018,9,39,29,5,3,0,0.0,0.0
2018-09-30,2018-09-30,102,7734.0,1798.0,2018,9,39,30,6,3,0,0.0,0.0
2018-10-01,2018-10-01,100,9456.0,1892.0,2018,10,40,1,0,4,0,102.22222222222221,92.0
2018-10-02,2018-10-02,89,9036.0,1811.0,2018,10,40,2,1,4,0,0.0,0.0
2018-10-03,2018-10-03,94,8592.0,1806.0,2018,10,40,3,2,4,1,0.0,0.0
2018-10-04,2018-10-04,93,10188.0,2038.0,2018,10,40,4,3,4,0,256.6666666666667,231.0
2018-10-05,2018-10-05,92,8964.0,1808.0,2018,10,40,5,4,4,0,0.0,0.0
2018-10-06,2018-10-06,77,7764.0,1823.0,2018,10,40,6,5,4,0,0.0,0.0
2018-10-07,2018-10-07,85,7518.0,1815.0,2018,10,40,7,6,4,0,0.0,0.0
2018-10-08,2018-10-08,93,9990.0,1998.0,2018,10,41,8,0,4,0,212.22222222222223,191.0
2018-10-09,2018-10-09,97,9870.0,1974.0,2018,10,41,9,1,4,0,190.0,171.0
2018-10-10,2018-10-10,97,7896.0,1803.0,2018,10,41,10,2,4,0,0.0,0.0
2018-10-11,2018-10-11,103,7302.0,1797.0,2018,10,41,11,3,4,0,0.0,0.0
2018-10-12,2018-10-12,106,7506.0,1794.0,2018,10,41,12,4,4,0,0.0,0.0
2018-10-13,2018-10-13,93,9318.0,1864.0,2018,10,41,13,5,4,0,63.33333333333333,57.0
2018-10-14,2018-10-14,99,8124.0,1801.0,2018,10,41,14,6,4,0,0.0,0.0
2018-10-15,2018-10-15,102,7194.0,1798.0,2018,10,42,15,0,4,0,0.0,0.0
2018-10-16,2018-10-16,97,9300.0,1860.0,2018,10,42,16,1,4,0,63.33333333333333,57.0
2018-10-17,2018-10-17,97,9834.0,1967.0,2018,10,42,17,2,4,0,182.22222222222223,164.0
2018-10-18,2018-10-18,100,8874.0,1800.0,2018,10,42,18,3,4,0,0.0,0.0
2018-10-19,2018-10-19,109,6852.0,1791.0,2018,10,42,19,4,4,0,0.0,0.0
2018-10-20,2018-10-20,98,6816.0,1802.0,2018,10,42,20,5,4,0,0.0,0.0
2018-10-21,2018-10-21,103,8832.0,1797.0,2018,10,42,21,6,4,0,0.0,0.0
2018-10-22,2018-10-22,102,7968.0,1798.0,2018,10,43,22,0,4,0,0.0,0.0
2018-10-23,2018-10-23,98,9468.0,1894.0,2018,10,43,23,1,4,0,102.22222222222221,92.0
2018-10-24,2018-10-24,90,7074.0,1810.0,2018,10,43,24,2,4,0,0.0,0.0
2018-10-25,2018-10-25,78,7512.0,1822.0,2018,10,43,25,3,4,0,0.0,0.0
2018-10-26,2018-10-26,81,7092.0,1819.0,2018,10,43,26,4,4,0,0.0,0.0
2018-10-27,2018-10-27,79,8766.0,1821.0,2018,10,43,27,5,4,0,0.0,0.0
2018-10-28,2018-10-28,87,7710.0,1813.0,2018,10,43,28,6,4,0,0.0,0.0
2018-10-29,2018-10-29,93,7662.0,1807.0,2018,10,44,29,0,4,0,0.0,0.0
2018-10-30,2018-10-30,82,7164.0,1818.0,2018,10,44,30,1,4,0,0.0,0.0
2018-10-31,2018-10-31,85,8502.0,1815.0,2018,10,44,31,2,4,0,0.0,0.0
2018-11-01,2018-11-01,77,9174.0,1835.0,2018,11,44,1,3,4,0,13.333333333333334,12.0
2018-11-02,2018-11-02,75,10140.0,2028.0,2018,11,44,2,4,4,0,225.55555555555554,203.0
2018-11-03,2018-11-03,70,7806.0,1830.0,2018,11,44,3,5,4,0,0.0,0.0
2018-11-04,2018-11-04,72,9168.0,1834.0,2018,11,44,4,6,4,0,6.666666666666667,6.0
2018-11-05,2018-11-05,75,7752.0,1825.0,2018,11,45,5,0,4,0,0.0,0.0
2018-11-06,2018-11-06,62,9132.0,1838.0,2018,11,45,6,1,4,0,0.0,0.0
2018-11-07,2018-11-07,57,7638.0,1843.0,2018,11,45,7,2,4,0,0.0,0.0
2018-11-08,2018-11-08,58,7188.0,1842.0,2018,11,45,8,3,4,0,0.0,0.0
2018-11-09,2018-11-09,66,7722.0,1834.0,2018,11,45,9,4,4,0,0.0,0.0
2018-11-10,2018-11-10,60,9150.0,1840.0,2018,11,45,10,5,4,0,0.0,0.0
2018-11-11,2018-11-11,67,8880.0,1833.0,2018,11,45,11,6,4,0,0.0,0.0
2018-11-12,2018-11-12,75,7614.0,1825.0,2018,11,46,12,0,4,0,0.0,0.0
2018-11-13,2018-11-13,63,8322.0,1837.0,2018,11,46,13,1,4,0,0.0,0.0
2018-11-14,2018-11-14,61,7614.0,1839.0,2018,11,46,14,2,4,0,0.0,0.0
2018-11-15,2018-11-15,66,7146.0,1834.0,2018,11,46,15,3,4,0,0.0,0.0
2018-11-16,2018-11-16,78,6558.0,1822.0,2018,11,46,16,4,4,0,0.0,0.0
2018-11-17,2018-11-17,71,6882.0,1829.0,2018,11,46,17,5,4,0,0.0,0.0
2018-11-18,2018-11-18,74,8610.0,1826.0,2018,11,46,18,6,4,0,0.0,0.0
2018-11-19,2018-11-19,88,9120.0,1824.0,2018,11,47,19,0,4,0,13.333333333333334,12.0
2018-11-20,2018-11-20,79,7200.0,1821.0,2018,11,47,20,1,4,0,0.0,0.0
2018-11-21,2018-11-21,72,8034.0,1828.0,2018,11,47,21,2,4,0,0.0,0.0
2018-11-22,2018-11-22,72,9060.0,1828.0,2018,11,47,22,3,4,0,0.0,0.0
2018-11-23,2018-11-23,73,6690.0,1827.0,2018,11,47,23,4,4,0,0.0,0.0
2018-11-24,2018-11-24,63,7812.0,1837.0,2018,11,47,24,5,4,0,0.0,0.0
2018-11-25,2018-11-25,74,7740.0,1826.0,2018,11,47,25,6,4,0,0.0,0.0
2018-11-26,2018-11-26,72,8046.0,1828.0,2018,11,48,26,0,4,0,0.0,0.0
2018-11-27,2018-11-27,81,6810.0,1819.0,2018,11,48,27,1,4,0,0.0,0.0
2018-11-28,2018-11-28,78,8598.0,1822.0,2018,11,48,28,2,4,0,0.0,0.0
2018-11-29,2018-11-29,78,7716.0,1822.0,2018,11,48,29,3,4,0,0.0,0.0
2018-11-30,2018-11-30,91,7518.0,1809.0,2018,11,48,30,4,4,0,0.0,0.0
2018-12-01,2018-12-01,72,9678.0,1936.0,2018,12,48,1,5,4,0,120.0,108.0
2018-12-02,2018-12-02,79,7812.0,1821.0,2018,12,48,2,6,4,0,0.0,0.0
2018-12-03,2018-12-03,88,9486.0,1898.0,2018,12,49,3,0,4,0,95.55555555555556,86.0
2018-12-04,2018-12-04,90,7896.0,1810.0,2018,12,49,4,1,4,0,0.0,0.0
2018-12-05,2018-12-05,85,8076.0,1815.0,2018,12,49,5,2,4,0,0.0,0.0
2018-12-06,2018-12-06,81,8220.0,1819.0,2018,12,49,6,3,4,0,0.0,0.0
2018-12-07,2018-12-07,84,8268.0,1816.0,2018,12,49,7,4,4,0,0.0,0.0
2018-12-08,2018-12-08,73,8292.0,1827.0,2018,12,49,8,5,4,0,0.0,0.0
2018-12-09,2018-12-09,74,6024.0,1826.0,2018,12,49,9,6,4,0,0.0,0.0
2018-12-10,2018-12-10,87,8616.0,1813.0,2018,12,50,10,0,4,0,0.0,0.0
2018-12-11,2018-12-11,88,6942.0,1812.0,2018,12,50,11,1,4,0,0.0,0.0
2018-12-12,2018-12-12,95,6516.0,1805.0,2018,12,50,12,2,4,0,0.0,0.0
2018-12-13,2018-12-13,101,8010.0,1799.0,2018,12,50,13,3,4,0,0.0,0.0
2018-12-14,2018-12-14,85,6552.0,1815.0,2018,12,50,14,4,4,0,0.0,0.0
2018-12-15,2018-12-15,72,6102.0,1828.0,2018,12,50,15,5,4,0,0.0,0.0
2018-12-16,2018-12-16,83,5850.0,1817.0,2018,12,50,16,6,4,0,0.0,0.0
2018-12-17,2018-12-17,94,8532.0,1806.0,2018,12,51,17,0,4,0,0.0,0.0
2018-12-18,2018-12-18,94,8238.0,1806.0,2018,12,51,18,1,4,0,0.0,0.0
2018-12-19,2018-12-19,100,8982.0,1800.0,2018,12,51,19,2,4,0,0.0,0.0
2018-12-20,2018-12-20,95,7620.0,1805.0,2018,12,51,20,3,4,0,0.0,0.0
2018-12-21,2018-12-21,106,5844.0,1794.0,2018,12,51,21,4,4,0,0.0,0.0
2018-12-22,2018-12-22,85,5904.0,1815.0,2018,12,51,22,5,4,0,0.0,0.0
2018-12-23,2018-12-23,76,6684.0,1824.0,2018,12,51,23,6,4,0,0.0,0.0
2018-12-24,2018-12-24,59,7392.0,1841.0,2018,12,52,24,0,4,0,0.0,0.0
2018-12-25,2018-12-25,58,7008.0,1842.0,2018,12,52,25,1,4,1,0.0,0.0
2018-12-26,2018-12-26,63,6744.0,1837.0,2018,12,52,26,2,4,1,0.0,0.0
2018-12-27,2018-12-27,74,8316.0,1826.0,2018,12,52,27,3,4,0,0.0,0.0
2018-12-28,2018-12-28,78,8652.0,1822.0,2018,12,52,28,4,4,0,0.0,0.0
2018-12-29,2018-12-29,76,6006.0,1824.0,2018,12,52,29,5,4,0,0.0,0.0
2018-12-30,2018-12-30,78,6120.0,1822.0,2018,12,52,30,6,4,0,0.0,0.0
2018-12-31,2018-12-31,75,6318.0,1825.0,2018,12,1,31,0,4,0,0.0,0.0
2019-01-01,2019-01-01,57,8382.0,1843.0,2019,1,1,1,1,1,1,0.0,0.0
2019-01-02,2019-01-02,82,9672.0,1935.0,2019,1,1,2,2,1,0,130.0,117.0
2019-01-03,2019-01-03,83,7404.0,1817.0,2019,1,1,3,3,1,0,0.0,0.0
2019-01-04,2019-01-04,83,9240.0,1848.0,2019,1,1,4,4,1,0,34.44444444444444,31.0
2019-01-05,2019-01-05,73,7746.0,1827.0,2019,1,1,5,5,1,0,0.0,0.0
2019-01-06,2019-01-06,75,7266.0,1825.0,2019,1,1,6,6,1,0,0.0,0.0
2019-01-07,2019-01-07,78,6798.0,1822.0,2019,1,2,7,0,1,0,0.0,0.0
2019-01-08,2019-01-08,79,8952.0,1821.0,2019,1,2,8,1,1,0,0.0,0.0
2019-01-09,2019-01-09,81,8934.0,1819.0,2019,1,2,9,2,1,0,0.0,0.0
2019-01-10,2019-01-10,74,8454.0,1826.0,2019,1,2,10,3,1,0,0.0,0.0
2019-01-11,2019-01-11,85,8544.0,1815.0,2019,1,2,11,4,1,0,0.0,0.0
2019-01-12,2019-01-12,71,7824.0,1829.0,2019,1,2,12,5,1,0,0.0,0.0
2019-01-13,2019-01-13,71,7002.0,1829.0,2019,1,2,13,6,1,0,0.0,0.0
2019-01-14,2019-01-14,75,8118.0,1825.0,2019,1,3,14,0,1,0,0.0,0.0
2019-01-15,2019-01-15,71,7152.0,1829.0,2019,1,3,15,1,1,0,0.0,0.0
2019-01-16,2019-01-16,72,9240.0,1848.0,2019,1,3,16,2,1,0,22.22222222222222,20.0
2019-01-17,2019-01-17,75,7332.0,1825.0,2019,1,3,17,3,1,0,0.0,0.0
2019-01-18,2019-01-18,71,7254.0,1829.0,2019,1,3,18,4,1,0,0.0,0.0
2019-01-19,2019-01-19,58,8166.0,1842.0,2019,1,3,19,5,1,0,0.0,0.0
2019-01-20,2019-01-20,70,7440.0,1830.0,2019,1,3,20,6,1,0,0.0,0.0
2019-01-21,2019-01-21,72,8430.0,1828.0,2019,1,4,21,0,1,0,0.0,0.0
2019-01-22,2019-01-22,72,8196.0,1828.0,2019,1,4,22,1,1,0,0.0,0.0
2019-01-23,2019-01-23,72,8850.0,1828.0,2019,1,4,23,2,1,0,0.0,0.0
2019-01-24,2019-01-24,73,6258.0,1827.0,2019,1,4,24,3,1,0,0.0,0.0
2019-01-25,2019-01-25,71,7284.0,1829.0,2019,1,4,25,4,1,0,0.0,0.0
2019-01-26,2019-01-26,69,5760.0,1831.0,2019,1,4,26,5,1,0,0.0,0.0
2019-01-27,2019-01-27,70,7512.0,1830.0,2019,1,4,27,6,1,0,0.0,0.0
2019-01-28,2019-01-28,80,8994.0,1820.0,2019,1,5,28,0,1,0,0.0,0.0
2019-01-29,2019-01-29,74,8532.0,1826.0,2019,1,5,29,1,1,0,0.0,0.0
2019-01-30,2019-01-30,76,6354.0,1824.0,2019,1,5,30,2,1,0,0.0,0.0
2019-01-31,2019-01-31,85,6276.0,1815.0,2019,1,5,31,3,1,0,0.0,0.0
2019-02-01,2019-02-01,75,8292.0,1825.0,2019,2,5,1,4,1,0,0.0,0.0
2019-02-02,2019-02-02,56,7512.0,1844.0,2019,2,5,2,5,1,0,0.0,0.0
2019-02-03,2019-02-03,51,9012.0,1849.0,2019,2,5,3,6,1,0,0.0,0.0
2019-02-04,2019-02-04,58,10710.0,2142.0,2019,2,6,4,0,1,0,333.33333333333337,300.0
2019-02-05,2019-02-05,49,9204.0,1851.0,2019,2,6,5,1,1,0,0.0,0.0
2019-02-06,2019-02-06,57,8994.0,1843.0,2019,2,6,6,2,1,0,0.0,0.0
2019-02-07,2019-02-07,61,9984.0,1997.0,2019,2,6,7,3,1,0,175.55555555555554,158.0
2019-02-08,2019-02-08,54,8226.0,1846.0,2019,2,6,8,4,1,0,0.0,0.0
2019-02-09,2019-02-09,49,6924.0,1851.0,2019,2,6,9,5,1,0,0.0,0.0
2019-02-10,2019-02-10,51,7566.0,1849.0,2019,2,6,10,6,1,0,0.0,0.0
2019-02-11,2019-02-11,55,7656.0,1845.0,2019,2,7,11,0,1,0,0.0,0.0
2019-02-12,2019-02-12,57,8508.0,1843.0,2019,2,7,12,1,1,0,0.0,0.0
2019-02-13,2019-02-13,62,7302.0,1838.0,2019,2,7,13,2,1,0,0.0,0.0
2019-02-14,2019-02-14,55,7086.0,1845.0,2019,2,7,14,3,1,0,0.0,0.0
2019-02-15,2019-02-15,64,7002.0,1836.0,2019,2,7,15,4,1,0,0.0,0.0
2019-02-16,2019-02-16,68,9036.0,1832.0,2019,2,7,16,5,1,0,0.0,0.0
2019-02-17,2019-02-17,80,6126.0,1820.0,2019,2,7,17,6,1,0,0.0,0.0
2019-02-18,2019-02-18,81,7764.0,1819.0,2019,2,8,18,0,1,0,0.0,0.0
2019-02-19,2019-02-19,81,7638.0,1819.0,2019,2,8,19,1,1,0,0.0,0.0
2019-02-20,2019-02-20,80,6972.0,1820.0,2019,2,8,20,2,1,0,0.0,0.0
2019-02-21,2019-02-21,82,9480.0,1896.0,2019,2,8,21,3,1,0,86.66666666666667,78.0
2019-02-22,2019-02-22,85,9318.0,1864.0,2019,2,8,22,4,1,0,54.44444444444444,49.0
2019-02-23,2019-02-23,69,9042.0,1831.0,2019,2,8,23,5,1,0,0.0,0.0
2019-02-24,2019-02-24,71,6384.0,1829.0,2019,2,8,24,6,1,0,0.0,0.0
2019-02-25,2019-02-25,72,9324.0,1865.0,2019,2,9,25,0,1,0,41.11111111111111,37.0
2019-02-26,2019-02-26,68,8568.0,1832.0,2019,2,9,26,1,1,0,0.0,0.0
2019-02-27,2019-02-27,67,9522.0,1905.0,2019,2,9,27,2,1,0,80.0,72.0
2019-02-28,2019-02-28,57,6762.0,1843.0,2019,2,9,28,3,1,0,0.0,0.0
2019-03-01,2019-03-01,60,10608.0,2122.0,2019,3,9,1,4,1,0,313.3333333333333,282.0
2019-03-02,2019-03-02,60,10620.0,2124.0,2019,3,9,2,5,1,0,315.55555555555554,284.0
2019-03-03,2019-03-03,65,10026.0,2006.0,2019,3,9,3,6,1,0,190.0,171.0
2019-03-04,2019-03-04,67,9906.0,1982.0,2019,3,10,4,0,1,0,165.55555555555554,149.0
2019-03-05,2019-03-05,62,9312.0,1863.0,2019,3,10,5,1,1,0,27.77777777777778,25.0
2019-03-06,2019-03-06,66,8112.0,1834.0,2019,3,10,6,2,1,0,0.0,0.0
2019-03-07,2019-03-07,59,9684.0,1937.0,2019,3,10,7,3,1,0,106.66666666666667,96.0
2019-03-08,2019-03-08,56,9018.0,1844.0,2019,3,10,8,4,1,0,0.0,0.0
2019-03-09,2019-03-09,51,8826.0,1849.0,2019,3,10,9,5,1,0,0.0,0.0
2019-03-10,2019-03-10,55,7254.0,1845.0,2019,3,10,10,6,1,0,0.0,0.0
2019-03-11,2019-03-11,58,8394.0,1842.0,2019,3,11,11,0,1,0,0.0,0.0
2019-03-12,2019-03-12,62,9348.0,1870.0,2019,3,11,12,1,1,0,35.55555555555556,32.0
2019-03-13,2019-03-13,70,10536.0,2108.0,2019,3,11,13,2,1,0,308.8888888888889,278.0
2019-03-14,2019-03-14,74,9120.0,1826.0,2019,3,11,14,3,1,0,0.0,0.0
2019-03-15,2019-03-15,66,7944.0,1834.0,2019,3,11,15,4,1,0,0.0,0.0
2019-03-16,2019-03-16,55,9906.0,1982.0,2019,3,11,16,5,1,0,152.22222222222223,137.0
2019-03-17,2019-03-17,66,8616.0,1834.0,2019,3,11,17,6,1,0,0.0,0.0
2019-03-18,2019-03-18,69,7608.0,1831.0,2019,3,12,18,0,1,0,0.0,0.0
2019-03-19,2019-03-19,74,9768.0,1954.0,2019,3,12,19,1,1,0,142.22222222222223,128.0
2019-03-20,2019-03-20,75,10080.0,2016.0,2019,3,12,20,2,1,0,212.22222222222223,191.0
2019-03-21,2019-03-21,77,9660.0,1932.0,2019,3,12,21,3,1,0,121.1111111111111,109.0
2019-03-22,2019-03-22,71,8742.0,1829.0,2019,3,12,22,4,1,0,0.0,0.0
2019-03-23,2019-03-23,68,7386.0,1832.0,2019,3,12,23,5,1,0,0.0,0.0
2019-03-24,2019-03-24,75,9294.0,1859.0,2019,3,12,24,6,1,0,37.77777777777778,34.0
2019-03-25,2019-03-25,83,8724.0,1817.0,2019,3,13,25,0,1,0,0.0,0.0
2019-03-26,2019-03-26,78,10008.0,2002.0,2019,3,13,26,1,1,0,200.0,180.0
2019-03-27,2019-03-27,85,7446.0,1815.0,2019,3,13,27,2,1,0,0.0,0.0
2019-03-28,2019-03-28,88,9996.0,2000.0,2019,3,13,28,3,1,0,208.8888888888889,188.0
2019-03-29,2019-03-29,91,8076.0,1809.0,2019,3,13,29,4,1,0,0.0,0.0
2019-03-30,2019-03-30,83,7356.0,1817.0,2019,3,13,30,5,1,0,0.0,0.0
2019-03-31,2019-03-31,90,7134.0,1810.0,2019,3,13,31,6,1,0,0.0,0.0
2019-04-01,2019-04-01,85,11850.0,2370.0,2019,4,14,1,0,2,0,616.6666666666667,555.0
2019-04-02,2019-04-02,81,10920.0,2184.0,2019,4,14,2,1,2,0,405.55555555555554,365.0
2019-04-03,2019-04-03,79,11328.0,2266.0,2019,4,14,3,2,2,0,494.44444444444446,445.0
2019-04-04,2019-04-04,75,10260.0,2052.0,2019,4,14,4,3,2,0,252.22222222222223,227.0
2019-04-05,2019-04-05,67,9444.0,1889.0,2019,4,14,5,4,2,0,62.22222222222222,56.0
2019-04-06,2019-04-06,57,9900.0,1980.0,2019,4,14,6,5,2,0,152.22222222222223,137.0
2019-04-07,2019-04-07,67,8034.0,1833.0,2019,4,14,7,6,2,0,0.0,0.0
2019-04-08,2019-04-08,80,9786.0,1958.0,2019,4,15,8,0,2,0,153.33333333333334,138.0
2019-04-09,2019-04-09,70,10050.0,2010.0,2019,4,15,9,1,2,0,200.0,180.0
2019-04-10,2019-04-10,68,10638.0,2128.0,2019,4,15,10,2,2,0,328.88888888888886,296.0
2019-04-11,2019-04-11,68,9036.0,1832.0,2019,4,15,11,3,2,0,0.0,0.0
2019-04-12,2019-04-12,71,8256.0,1829.0,2019,4,15,12,4,2,0,0.0,0.0
2019-04-13,2019-04-13,65,9264.0,1853.0,2019,4,15,13,5,2,0,20.0,18.0
2019-04-14,2019-04-14,70,7188.0,1830.0,2019,4,15,14,6,2,0,0.0,0.0
2019-04-15,2019-04-15,71,10746.0,2150.0,2019,4,16,15,0,2,0,356.6666666666667,321.0
2019-04-16,2019-04-16,71,8286.0,1829.0,2019,4,16,16,1,2,0,0.0,0.0
2019-04-17,2019-04-17,73,9072.0,1827.0,2019,4,16,17,2,2,0,0.0,0.0
2019-04-18,2019-04-18,81,9522.0,1905.0,2019,4,16,18,3,2,0,95.55555555555556,86.0
2019-04-19,2019-04-19,81,9312.0,1863.0,2019,4,16,19,4,2,1,48.888888888888886,44.0
2019-04-20,2019-04-20,77,10008.0,2002.0,2019,4,16,20,5,2,0,198.88888888888889,179.0
2019-04-21,2019-04-21,78,9588.0,1918.0,2019,4,16,21,6,2,0,106.66666666666667,96.0
2019-04-22,2019-04-22,81,8058.0,1819.0,2019,4,17,22,0,2,1,0.0,0.0
2019-04-23,2019-04-23,89,10218.0,2044.0,2019,4,17,23,1,2,0,258.8888888888889,233.0
2019-04-24,2019-04-24,91,10692.0,2139.0,2019,4,17,24,2,2,0,366.66666666666663,330.0
2019-04-25,2019-04-25,82,8862.0,1818.0,2019,4,17,25,3,2,0,0.0,0.0
2019-04-26,2019-04-26,80,8532.0,1820.0,2019,4,17,26,4,2,0,0.0,0.0
2019-04-27,2019-04-27,79,8670.0,1821.0,2019,4,17,27,5,2,0,0.0,0.0
2019-04-28,2019-04-28,80,7314.0,1820.0,2019,4,17,28,6,2,0,0.0,0.0
2019-04-29,2019-04-29,80,9192.0,1839.0,2019,4,18,29,0,2,0,21.11111111111111,19.0
2019-04-30,2019-04-30,76,10296.0,2060.0,2019,4,18,30,1,2,0,262.22222222222223,236.0
2019-05-01,2019-05-01,69,10494.0,2099.0,2019,5,18,1,2,2,1,297.77777777777777,268.0
2019-05-02,2019-05-02,70,9606.0,1922.0,2019,5,18,2,3,2,0,102.22222222222221,92.0
2019-05-03,2019-05-03,74,11742.0,2349.0,2019,5,18,3,4,2,0,581.1111111111111,523.0
2019-05-04,2019-05-04,66,11334.0,2267.0,2019,5,18,4,5,2,0,481.1111111111111,433.0
2019-05-05,2019-05-05,75,10044.0,2009.0,2019,5,18,5,6,2,0,204.44444444444443,184.0
2019-05-06,2019-05-06,67,10464.0,2093.0,2019,5,19,6,0,2,0,288.88888888888886,260.0
2019-05-07,2019-05-07,78,10944.0,2189.0,2019,5,19,7,1,2,0,407.77777777777777,367.0
2019-05-08,2019-05-08,80,10368.0,2074.0,2019,5,19,8,2,2,0,282.22222222222223,254.0
2019-05-09,2019-05-09,76,9648.0,1930.0,2019,5,19,9,3,2,0,117.77777777777779,106.0
2019-05-10,2019-05-10,80,10638.0,2128.0,2019,5,19,10,4,2,0,342.22222222222223,308.0
2019-05-11,2019-05-11,69,8454.0,1831.0,2019,5,19,11,5,2,0,0.0,0.0
2019-05-12,2019-05-12,78,8040.0,1822.0,2019,5,19,12,6,2,0,0.0,0.0
2019-05-13,2019-05-13,82,10698.0,2140.0,2019,5,20,13,0,2,0,357.77777777777777,322.0
2019-05-14,2019-05-14,81,9480.0,1896.0,2019,5,20,14,1,2,0,85.55555555555556,77.0
2019-05-15,2019-05-15,81,9528.0,1906.0,2019,5,20,15,2,2,0,96.66666666666667,87.0
2019-05-16,2019-05-16,81,10866.0,2174.0,2019,5,20,16,3,2,0,394.44444444444446,355.0
2019-05-17,2019-05-17,88,8790.0,1812.0,2019,5,20,17,4,2,0,0.0,0.0
2019-05-18,2019-05-18,72,10524.0,2105.0,2019,5,20,18,5,2,0,307.77777777777777,277.0
2019-05-19,2019-05-19,78,8316.0,1822.0,2019,5,20,19,6,2,0,0.0,0.0
2019-05-20,2019-05-20,84,9102.0,1821.0,2019,5,21,20,0,2,0,5.555555555555555,5.0
2019-05-21,2019-05-21,66,8664.0,1834.0,2019,5,21,21,1,2,0,0.0,0.0
2019-05-22,2019-05-22,76,9480.0,1896.0,2019,5,21,22,2,2,0,80.0,72.0
2019-05-23,2019-05-23,86,8544.0,1814.0,2019,5,21,23,3,2,0,0.0,0.0
2019-05-24,2019-05-24,81,8814.0,1819.0,2019,5,21,24,4,2,0,0.0,0.0
2019-05-25,2019-05-25,76,9846.0,1970.0,2019,5,21,25,5,2,0,162.22222222222223,146.0
2019-05-26,2019-05-26,83,9882.0,1977.0,2019,5,21,26,6,2,0,177.77777777777777,160.0
2019-05-27,2019-05-27,77,8790.0,1823.0,2019,5,22,27,0,2,0,0.0,0.0
